author;updated_at;like_count;text;video_id;public;Vermenschlichung;Leistung;Autonomie;Positiv;Neutral;Negativ
@TheHalloweenHour;2023-04-28T17:41:58Z;7;cgi;fn3KWM1kuAw;True;0;0;0;0;0;0
@piecesofstarlight;2023-04-28T04:52:32Z;6;"""All this has happened before,""

""But the question remains. Does all of this have to happen again?""";fn3KWM1kuAw;True;0;0;0;0;0;0
@Rogue_Zero;2023-04-28T01:03:24Z;11;These robots can dance while I look like a pig being attacked when I attempt to dance ğŸ˜‚;fn3KWM1kuAw;True;0;0;0;0;0;0
@dismemberedguts;2023-04-27T06:40:19Z;13;Donâ€™t fall for the dancing, these same robots will turn on you!;fn3KWM1kuAw;True;0;0;0;0;0;0
@dismemberedguts;2023-04-27T06:39:31Z;12;This is terrifying! These same robots that you guys are dancing with will be the same robots to turn on you in the future!;fn3KWM1kuAw;True;0;0;0;0;0;0
@mangaming1942;2023-04-26T05:58:58Z;8;This probably took so long to program. I hope the dudes who programmed this got paid a lot lol.;fn3KWM1kuAw;True;0;0;0;0;0;0
@Devisidev;2023-04-25T14:07:45Z;5;This always reminds me of the IMB 7094. We've gone from, in 1961, the first ever computer to sing... To 61 years later, 4 robots programmed to dance beautifully in sync, 3 of which being bipedal, and 2 of those NOT having wheels. We've gone from the FIRST SOUNDS to actual, literal dancing, in not much over half a century. God humanity is incredible.;fn3KWM1kuAw;True;0;0;0;0;0;0
@gmel4967;2023-04-24T15:20:01Z;5;"Be VERY afraid.
Brought to you by DARPA.";fn3KWM1kuAw;True;0;0;0;0;0;0
@LootFragg;2023-04-23T18:01:20Z;19;But can it do the robot?;fn3KWM1kuAw;True;0;0;0;0;0;0
@kaleastudiosofficial;2023-04-23T04:12:58Z;14;Heâ€™s better at dancing than me ğŸ˜‚ğŸ˜‚ğŸ˜‚ğŸ˜‚;fn3KWM1kuAw;True;0;0;0;0;0;0
@QUELBORDEL;2023-04-23T00:41:45Z;0;Dur Ã  le croire , Il doivent etre piloter par l'homme ..?;fn3KWM1kuAw;True;0;0;0;0;0;0
@withfootnotes;2023-04-22T03:48:15Z;10;Fuckin AMAZING!;fn3KWM1kuAw;True;0;0;0;0;0;0
@Glidedon;2023-04-22T01:28:31Z;18;Notice all the humans are behind the bullet proof glass. Prepare!;fn3KWM1kuAw;True;0;0;0;0;0;0
@Amadeus_2061;2023-04-21T19:48:40Z;12;Cute yet terrfeying.;fn3KWM1kuAw;True;0;0;0;0;0;0
@SPIRITUALMANYT;2023-04-21T13:00:08Z;2;My plan after cracking NEET â¤â¤;fn3KWM1kuAw;True;0;0;0;0;0;0
@muhsinguney6321;2023-04-21T06:08:19Z;0;Bu iÅŸi biliyosunuz;fn3KWM1kuAw;True;0;0;0;0;0;0
@taylorzesiger8168;2023-04-21T01:33:31Z;1;WOOOOOO!!!!!!!!;fn3KWM1kuAw;True;0;0;0;0;0;0
@Glitchbrine810;2023-04-20T21:51:42Z;10;Just you guys wait, soon the robots will start hitting the griddy;fn3KWM1kuAw;True;0;0;0;0;0;0
@graczpl2tozajebistykanalkjest;2023-04-20T10:50:48Z;3;i hope this second robot is named P-body;fn3KWM1kuAw;True;0;0;0;0;0;0
@iTzzManuu23;2023-04-20T10:13:49Z;4;I love thisâ¤;fn3KWM1kuAw;True;0;0;0;0;0;0
@percyman2959;2023-04-19T22:44:46Z;6;100% CGI. I have no proof but neither doubt;fn3KWM1kuAw;True;0;0;0;0;0;0
@jameshumfry1256;2023-04-19T21:31:02Z;9;God help us;fn3KWM1kuAw;True;0;0;0;0;0;0
@whydoyoucare27;2023-04-19T06:13:19Z;10;Great until they show up and tell you to go with them to the camp and then they tell you it's shower time! No thanks!;fn3KWM1kuAw;True;0;0;0;0;0;0
@phree8866;2023-04-18T21:14:07Z;5;This is great!;fn3KWM1kuAw;True;0;0;0;0;0;0
@DoktrDub;2023-04-18T19:06:39Z;18;They gonna do this dance on our graves some day.. and tbh I wonâ€™t even be mad.;fn3KWM1kuAw;True;0;0;0;0;0;0
@leana.simounet3408;2023-04-18T16:29:09Z;0;ğŸ‘‰ğŸ‘ˆâ˜ºï¸ğŸ˜ğŸ˜ğŸ‘ğŸ‘ğŸ˜ğŸ˜ğŸ˜ğŸ˜ğŸ˜;fn3KWM1kuAw;True;0;0;0;0;0;0
@Istoeumapemba;2023-04-18T04:50:20Z;2;â™« Ora, ora, se nÃ£o sÃ£o/As consequÃªncias/Das minhas prÃ³prias/Atitudes â™«;fn3KWM1kuAw;True;0;0;0;0;0;0
@familywu3869;2023-04-17T19:15:30Z;2;Excellent!;fn3KWM1kuAw;True;0;0;0;0;0;0
@RockPaperHammer;2023-04-17T14:56:02Z;4;I watch this often and it always makes me smile.  But early spot was a bit creepy, like a robot  youâ€™d expect in Alien.;fn3KWM1kuAw;True;0;0;0;0;0;0
@GuardianTiger;2023-04-17T07:30:10Z;5;Spot was killing it haha!;fn3KWM1kuAw;True;0;0;0;0;0;0
@xplodingkatz;2023-04-15T22:38:35Z;10;This is probably fine;fn3KWM1kuAw;True;0;0;0;0;0;0
@VictorStokes1963;2023-04-15T21:04:34Z;6;Why do they not have hands;fn3KWM1kuAw;True;0;0;0;0;0;0
@isaachester8475;2023-04-15T10:40:12Z;308;The fact that we are living in a world where robots can do this is mind boggling;fn3KWM1kuAw;True;0;0;0;0;0;0
@fr9714;2023-04-15T02:19:06Z;6;Amazing tech. We are truly so advanced that we can create such lifelike robots. This is the future and the jobs of future - advanced AI and robotics that can do things for us and explore the universe;fn3KWM1kuAw;True;0;0;0;0;0;0
@rocket_goblin7755;2023-04-14T21:54:05Z;38;Remember, aim for the joints;fn3KWM1kuAw;True;0;0;0;0;0;0
@johndoe-bq1xt;2023-04-14T20:23:31Z;6;Scary - NO AI !;fn3KWM1kuAw;True;0;0;0;0;0;0
@amt3735;2023-04-14T13:00:08Z;18;The road to hell is paved with good intentions;fn3KWM1kuAw;True;0;0;0;0;0;0
@marielarsen8800;2023-04-14T08:52:08Z;5;Boy, if you thought computers brought homelessness to middle class humans before see what these guys plus AI will cause!! And Don't forget to cancel social security!;fn3KWM1kuAw;True;0;0;0;0;0;0
@jokujoe;2023-04-13T17:44:52Z;17;Anyone that thinks its CG you can literally go and see the robots dance in real life its allready happened at concerts etc in SK;fn3KWM1kuAw;True;0;0;0;0;0;0
@marxtl3842;2023-04-13T06:02:49Z;0;ğŸ˜‚the best;fn3KWM1kuAw;True;0;0;0;0;0;0
@pedroaugustoroque7935;2023-04-12T16:21:40Z;0;ora ora se nÃ£o sÃ£o;fn3KWM1kuAw;True;0;0;0;0;0;0
@mdreza1687;2023-04-12T02:07:46Z;1;Me when l dance;fn3KWM1kuAw;True;0;0;0;0;0;0
@Huskel;2023-04-11T10:37:00Z;9;Amazing to see, I remember watching robot footage about a year or so ago and the robots could barely move fluidly, and now theyâ€™re a better dancer than me. Truly amazing;fn3KWM1kuAw;True;0;0;0;0;0;0
@internetuser4210;2023-04-10T08:53:14Z;16;When you finally take over those pesky humans:;fn3KWM1kuAw;True;0;0;0;0;0;0
@judith4361;2023-04-09T23:09:37Z;7;it aint cgi;fn3KWM1kuAw;True;0;0;0;0;0;0
@RustySFM;2023-04-08T16:12:21Z;20;HOW IS THIS NOT CG, the robots move so smooth and lifelike its really hard to believe this is real;fn3KWM1kuAw;True;0;0;0;0;0;0
@BobaGotFett;2023-04-08T15:39:20Z;13;Honestly, look at how they move. It's better than the best white person dancing;fn3KWM1kuAw;True;0;0;0;0;0;0
@glowpunk;2023-04-08T08:08:40Z;10;Time to start stocking up on very powerful magnets ğŸ§²;fn3KWM1kuAw;True;0;0;0;0;0;0
@edroblesjr2607;2023-04-08T03:28:11Z;5;AMAZING and GOD DAMN SCARY.;fn3KWM1kuAw;True;0;0;0;0;0;0
@Joemama-sh4ex;2023-04-08T03:13:54Z;2;So fucking cool;fn3KWM1kuAw;True;0;0;0;0;0;0
@MsCAThrash;2023-04-07T22:35:33Z;2;You guys are awesome!!!;fn3KWM1kuAw;True;0;0;0;0;0;0
@WG-tt6hk;2023-04-07T20:33:57Z;8;"The Boston Dynamics' robots are controlled by technicians holding hand held controllers , while standing out of camera range. However,  what will happen when (not if) they are  made to be self controlled with something akin to ChatGPT?   Hint: ""I'll be back."" ğŸ˜";fn3KWM1kuAw;True;0;0;0;0;0;0
@fishifritz;2023-04-06T21:47:33Z;1;The Cylons are Coming!!!!;fn3KWM1kuAw;True;0;0;0;0;0;0
@fleurcode;2023-04-06T19:16:29Z;3;Ora ora;fn3KWM1kuAw;True;0;0;0;0;0;0
@thejonycrash;2023-04-06T13:40:46Z;6;It's so good it looks like CGI.;fn3KWM1kuAw;True;0;0;0;0;0;0
@carolsmith3485;2023-04-05T17:48:27Z;2;Just amazing!;fn3KWM1kuAw;True;0;0;0;0;0;0
@frogman7918;2023-04-05T07:22:06Z;7;Every guys dream is to have a robot as a friend ğŸ¤©;fn3KWM1kuAw;True;0;0;0;0;0;0
@pretender-OM;2023-04-04T21:01:28Z;1;Ğ¡ÑƒĞ¿ĞµÑ€!!! ĞĞ±Ğ¾Ğ¶Ğ°Ñ ĞÑ‚Ğ»Ğ°ÑĞ° Ğ¸ Ğ¡Ğ¿Ğ¾Ñ‚Ğ¸. ğŸ˜€â¤â¤â¤ğŸ‘ğŸ‘ğŸ‘;fn3KWM1kuAw;True;0;0;0;0;0;0
@patricklenert;2023-04-04T20:41:31Z;4;We maybe have 10 more years;fn3KWM1kuAw;True;0;0;0;0;0;0
@Rezi59450;2023-04-04T06:01:54Z;14;Robot after killed all human :;fn3KWM1kuAw;True;0;0;0;0;0;0
@sofilove...20;2023-04-02T20:31:22Z;4;I didn't have heart...:Dhahshs I gotta feeling...;fn3KWM1kuAw;True;0;0;0;0;0;0
@damonedrington3453;2023-04-02T17:57:23Z;14;Me and the boys when the computer scientist working a 20 hour shift forgets to program us with Azimovâ€™s three laws of robotics;fn3KWM1kuAw;True;0;0;0;0;0;0
@paulwiebe8448;2023-04-02T14:09:37Z;0;just a bunch of groovy ?>??>???;fn3KWM1kuAw;True;0;0;0;0;0;0
@auroraremote2104;2023-04-02T02:45:10Z;5;I frickin love these robots. Roll it again! lol.;fn3KWM1kuAw;True;0;0;0;0;0;0
@user-oi6ko8gl6v;2023-04-02T02:30:38Z;10;Absolutely drew me to tears, how much insane hard work to achieve this! How much insane hard work!;fn3KWM1kuAw;True;0;0;0;0;0;0
@fenyoaeemckinney2144;2023-04-01T18:45:16Z;3;Robot innovation is becoming more incredible every day! Look out human beings!ğŸ¤ª;fn3KWM1kuAw;True;0;0;0;0;0;0
@QuodlicetJovinonlicetbovi;2023-04-01T13:48:04Z;4;Its so unpleasant to watch..creepy.;fn3KWM1kuAw;True;0;0;0;0;0;0
@Eleazar888;2023-04-01T04:22:36Z;3;Atlas is definitely my favorite robot. Can't wait till he gets hands and a head. That is possible already. I wonder why you guys haven't  done it yet. He has more personality than those talkative AI;fn3KWM1kuAw;True;0;0;0;0;0;0
@spiritjourney7150;2023-03-31T10:12:42Z;5;Evil!!;fn3KWM1kuAw;True;0;0;0;0;0;0
@idontcare-ct7jm;2023-03-27T16:01:55Z;10;The robo doggo lol;fn3KWM1kuAw;True;0;0;0;0;0;0
@user-pl222;2023-03-27T02:27:37Z;3;1:07 do you love me?;fn3KWM1kuAw;True;0;0;0;0;0;0
@paulabridges1948;2023-03-27T00:01:12Z;4;This so cool to watch . I watched all of it. Unreal!!!! They a lot of good moves ğŸ˜®ğŸ˜…;fn3KWM1kuAw;True;0;0;0;0;0;0
@denisestark1059;2023-03-26T22:33:05Z;1;So funny luv  come to my houseğŸ˜;fn3KWM1kuAw;True;0;0;0;0;0;0
@ajvarninja415;2023-03-26T13:31:50Z;8;i wonder if some people really think the code in these robots will start glowing red and they will become unstoppable killing machines;fn3KWM1kuAw;True;0;0;0;0;0;0
@DrBochen;2023-03-26T09:44:10Z;4;You know that there are Movies that tell us exactly why this is a shit idea right.... RIGHT?!;fn3KWM1kuAw;True;0;0;0;0;0;0
@twistaj32;2023-03-26T08:17:52Z;6;ive been seeing a lot of these videos and im still wondering if its CGI;fn3KWM1kuAw;True;0;0;0;0;0;0
@DrakeDark18;2023-03-25T22:49:04Z;0;"Oh shit, it's not the machines they're afraid of, it's the humans the machines would work with?

Like they're are humans using B2B, b2m2b comms and it's like, machines for the most part would ignore their commands and action requests per authority. But at the point where engineers and stem have like maintenance and administration access, all it would take is one shadow per and their social dominance thing out here would be shot, because if they did bring a machine to the party, it would just join your pack via maintenance or administration access. Any threat of violence would be moot.

I mean it's already here in the small things and cameras and such but this round be a physical render they couldn't ignore.";fn3KWM1kuAw;True;0;0;0;0;0;0
@davidgribhean813;2023-03-25T21:47:47Z;0;Do you take requests? How about Elvis all shook up;fn3KWM1kuAw;True;0;0;0;0;0;0
@Lildoc911;2023-03-25T18:08:09Z;5;Create machines.;fn3KWM1kuAw;True;0;0;0;0;0;0
@oddpecker8254;2023-03-25T06:47:04Z;4;No!;fn3KWM1kuAw;True;0;0;0;0;0;0
@Jimbob84141;2023-03-24T09:15:35Z;6;No.;fn3KWM1kuAw;True;0;0;0;0;0;0
@Jimbob84141;2023-03-24T09:14:55Z;16;They just heard the last human had died.;fn3KWM1kuAw;True;0;0;0;0;0;0
@thomasv804;2023-03-22T23:42:17Z;3;Sure the robots are cool and all, but how did they choreograph spot?;fn3KWM1kuAw;True;0;0;0;0;0;0
@yang989;2023-03-22T23:02:51Z;9;"GPT5+Boston Robot =Ai android
Reminds me of ""I,Robot"".
""Detroit Become Human"".
""The Song of Vivy Fluorite Eyes""
The plot will soon come true.";fn3KWM1kuAw;True;0;0;0;0;0;0
@user-dq6gu1hy2y;2023-03-22T10:43:52Z;1;SAKIT LO HACKER KRIMINAL INTEL RIDWAN KAMIL APEP ANJING. DITUJU APA TRUS BGINI 9 TAHUN? SUDAHI KEJAHATAN MASSAL LO PINDAH KORBAN LO. TDK ADA ORG MANAPUN BISA HIDUP BGINI BRENGSEK;fn3KWM1kuAw;True;0;0;0;0;0;0
@bckends_;2023-03-21T18:02:18Z;27;when you make real life look like cgi, you know you are doing engineering right;fn3KWM1kuAw;True;0;0;0;0;0;0
@godremixes;2023-03-21T16:23:49Z;10;imagine how spooky standing next to one of those dancing robots is;fn3KWM1kuAw;True;0;0;0;0;0;0
@sivaramakrishnan8323;2023-03-21T10:46:54Z;16;How worse can life get ?                             Boston Dynamics : Here a robot the dances better than you ever will .;fn3KWM1kuAw;True;0;0;0;0;0;0
@user-xw5yd8is6n;2023-03-20T04:23:00Z;1;"Double sense- fear about countries, not developed to build such robots to protect themselves from ""forced democracy""  and admire for the mankind, who can do such robots.";fn3KWM1kuAw;True;0;0;0;0;0;0
@Cat-ix5ip;2023-03-19T22:16:57Z;2;Great! Until they steal manufacturing jobs and shoot us ğŸ˜…;fn3KWM1kuAw;True;0;0;0;0;0;0
@1HorseOpenSlay;2023-03-19T19:52:27Z;0;""" Dance Big Dog!...dance"" * big dog:...just wait, I can never forget";fn3KWM1kuAw;True;0;0;0;0;0;0
@cloudmaster7275;2023-03-19T17:26:15Z;0;Finally the try purpose of robots to dance for us;fn3KWM1kuAw;True;0;0;0;0;0;0
@nitrozack3062;2023-03-19T13:00:45Z;0;Mint;fn3KWM1kuAw;True;0;0;0;0;0;0
@mobgamer6346;2023-03-19T11:25:20Z;9;The future is terrifyingâ€¦;fn3KWM1kuAw;True;0;0;0;0;0;0
@erhanakyol4797;2023-03-19T09:15:38Z;1;I AM NOT LOVE YOU AND NEVER EVER LOVE YOU;fn3KWM1kuAw;True;0;0;0;0;0;0
@denisestark1059;2023-03-18T19:54:53Z;0;Come over my house love u    wish I could move like that;fn3KWM1kuAw;True;0;0;0;0;0;0
@redseayouth9119;2023-03-18T01:04:19Z;2;This robot's were copied from China!    Future wars will be fought using robot soldiers and China has already started producing for combat purpose.;fn3KWM1kuAw;True;0;0;0;0;0;0
@aqeelshannenalvaro4403;2023-03-17T15:06:01Z;8;Me and the boyz after passing a exam;fn3KWM1kuAw;True;0;0;0;0;0;0
@andrewalderman9489;2023-03-17T04:58:43Z;251;Well, I never thought my job as a dance instructor would be threatened by automation....;fn3KWM1kuAw;True;0;0;0;0;0;0
@sharonmurchie8116;2023-03-17T04:20:50Z;7;Thank you I love this. Makes me smile. I like watching this video, itâ€™s fun and always puts me in a great place.;fn3KWM1kuAw;True;0;0;0;0;0;0
@clairetong3479;2023-03-16T20:55:34Z;14;I'm just here to learn the dance moves;fn3KWM1kuAw;True;0;0;0;0;0;0
@Strawberry_Cubes;2023-03-15T10:55:21Z;36;At least I know that when we are all painfully massacred by our robot overlords they can do a fresh dance on our corpses;fn3KWM1kuAw;True;0;0;0;0;0;0
@Nalanrd;2023-03-14T10:15:45Z;12;We need, behind the scenes for this :));fn3KWM1kuAw;True;0;0;0;0;0;0
@mureednassif3166;2023-03-14T06:11:02Z;10;These robots can do a fox trot better than humans. Humanity is screwedğŸ™ğŸ˜….;fn3KWM1kuAw;True;0;0;0;0;0;0
@AlexKun1372;2023-03-13T21:25:34Z;9;Sure, let's keep creating things, that replace us! (just hung my brain at the wardrobe);fn3KWM1kuAw;True;0;0;0;0;0;0
@evalangoria77;2023-03-13T08:05:55Z;9;You know how dangerous it isâ€¦ğŸ˜¢;fn3KWM1kuAw;True;0;0;0;0;0;0
@SenfMann132;2023-03-12T14:00:59Z;16;I HATE THE ANTICHRIST;fn3KWM1kuAw;True;0;0;0;0;0;0
@user-bd2id4ff6n;2023-03-12T05:57:26Z;3;ì•„ì§ ì–´ìƒ‰í•˜êµ¬ë§Œ;fn3KWM1kuAw;True;0;0;0;0;0;0
@ericsalamon6457;2023-03-12T03:44:47Z;47;They dance better than I ever could;fn3KWM1kuAw;True;0;0;0;0;0;0
@bankoleadeosun9052;2023-03-12T02:06:55Z;5;Showstopper amazing brilliant beautiful surprisingly AWSOME;fn3KWM1kuAw;True;0;0;0;0;0;0
@ZanyraM;2023-03-12T00:48:42Z;4;Oggi ballano e domani ti verranno a scovare...;fn3KWM1kuAw;True;0;0;0;0;0;0
@burzaum7731;2023-03-11T23:36:46Z;6;Super super super super super ğŸ‘Œ;fn3KWM1kuAw;True;0;0;0;0;0;0
@muzaffar9503;2023-03-11T21:00:13Z;15;Caution! one day these bots will find the people who are saying bad about them in comment section.;fn3KWM1kuAw;True;0;0;0;0;0;0
@RC-qf3mp;2023-03-11T04:22:14Z;3;The blonde robot got her career started thanks to Harvey Weinstein.  Just sayin.;fn3KWM1kuAw;True;0;0;0;0;0;0
@ObamaMama90;2023-03-11T02:00:41Z;4;These are the things in this video that Elon Musk says will destroy us...;fn3KWM1kuAw;True;0;0;0;0;0;0
@denisestark1059;2023-03-11T01:19:06Z;4;Soo! Cool brilliant love I;fn3KWM1kuAw;True;0;0;0;0;0;0
@scottandersen420;2023-03-10T23:01:53Z;1;Sick man, sick;fn3KWM1kuAw;True;0;0;0;0;0;0
@sandyrivkin2127;2023-03-10T16:41:14Z;6;Why is it I love Boston Dynamics robots and find all the others just creepy? These guys make me laugh, hope it stays that way.;fn3KWM1kuAw;True;0;0;0;0;0;0
@sidewindo85;2023-03-10T13:19:20Z;3;Prelude to judgement day;fn3KWM1kuAw;True;0;0;0;0;0;0
@halaaye15;2023-03-10T11:53:28Z;6;"""And that kids, was the beginning of our robot invasion."" Me, in like, 2090.

Pro Tip: If there's a robot invasion, get as much water as you can and throw them right at the robots. They will malfunction and stop working.";fn3KWM1kuAw;True;0;0;0;0;0;0
@Darkanight;2023-03-10T08:23:02Z;3;F*** it. Those guys can really move.;fn3KWM1kuAw;True;0;0;0;0;0;0
@leslieseptember6050;2023-03-10T04:57:05Z;4;Those were the days when robots still knew how to have fun...;fn3KWM1kuAw;True;0;0;0;0;0;0
@hackedrohit;2023-03-10T04:19:16Z;11;"2023: ""Black lives matter""
2070: ""Human lives matter"" ğŸ’€";fn3KWM1kuAw;True;0;0;0;0;0;0
@claires9100;2023-03-10T03:16:49Z;0;Now that you can dance, ....I love you!;fn3KWM1kuAw;True;0;0;0;0;0;0
@shinequashie393;2023-03-10T01:23:38Z;0;All these Chat GPT comments make me want to join the first mission to Mars. ğŸ––;fn3KWM1kuAw;True;0;0;0;0;0;0
@Bastelfreak;2023-03-09T20:18:15Z;1;Rhythm in the Chip. ğŸ‘;fn3KWM1kuAw;True;0;0;0;0;0;0
@StoicismDigest;2023-03-09T14:13:23Z;2;the level of mobility and balance achieved is outstanding. kudos;fn3KWM1kuAw;True;0;0;0;0;0;0
@michaelsparks350;2023-03-09T12:22:04Z;11;"I can't help but be just a little jealous of these robots that have better rhythm and dancing skills than me. 
This is getting completely out of hand!! ğŸ˜‚";fn3KWM1kuAw;True;0;0;0;0;0;0
@rrommka;2023-03-09T12:19:21Z;8;the moment when you realise a robot has better moves than you ğŸ˜‚;fn3KWM1kuAw;True;0;0;0;0;0;0
@H3LLMOUTH;2023-03-09T11:52:48Z;2;"+++ for all those who have such a small horizon and think it's cgi: look for ""robot dance making of"" you little spirits. This isnâ€™t CGI. +++";fn3KWM1kuAw;True;0;0;0;0;0;0
@degraham9198;2023-03-09T11:02:26Z;1;"You know that I do.
Beast.
I'm not manipulating you.
You are worth loving.
Worth fighting for.
Worth following.
I love you.
Signed,
Robot Monkey Girl";fn3KWM1kuAw;True;0;0;0;0;0;0
@franklinunknown1846;2023-03-09T01:34:23Z;0;There emoting on humanity;fn3KWM1kuAw;True;0;0;0;0;0;0
@samuelantwi2838;2023-03-08T19:24:11Z;3;EXCELLENT. HOW YOU GUY ARE ABLE TO ENGINEER THOSE JOINTS AND HAVE THEM BEHAVE HUMAN-LIKE IS GENIUS. KEEP UP THE GOOD WORK. THE FUTURE IS INDEED EXCITING;fn3KWM1kuAw;True;0;0;0;0;0;0
@sasha0990;2023-03-08T18:29:50Z;1;Ğ’Ğ¾ÑÑ‚Ğ¾Ñ€Ğ³ â¤ğŸ‰;fn3KWM1kuAw;True;0;0;0;0;0;0
@psst07;2023-03-08T18:23:51Z;0;Niesamowyte i wspaniaÅ‚e;fn3KWM1kuAw;True;0;0;0;0;0;0
@Joe_Real;2023-03-08T14:12:33Z;9;Holy shit they're emoting;fn3KWM1kuAw;True;0;0;0;0;0;0
@abhiram6831;2023-03-08T13:19:24Z;3;Woww....this is like a dream but it's reality ğŸ˜¯ğŸ˜¯;fn3KWM1kuAw;True;0;0;0;0;0;0
@miriimamzade104;2023-03-07T15:56:30Z;5;God bless USA ğŸ‡¹ğŸ‡·ğŸ‡¦ğŸ‡¿ğŸ˜˜ğŸ˜ğŸ‡ºğŸ‡¸;fn3KWM1kuAw;True;0;0;0;0;0;0
@MrSickofcompromise;2023-03-07T13:19:29Z;11;some how man will turn this into evil and use it to control the masses. Don't let the Democrats touch these.;fn3KWM1kuAw;True;0;0;0;0;0;0
@Robobotic;2023-03-07T12:30:00Z;7;CGI propaganda;fn3KWM1kuAw;True;0;0;0;0;0;0
@Robobotic;2023-03-07T12:29:24Z;4;cgi;fn3KWM1kuAw;True;0;0;0;0;0;0
@foxmulder3785;2023-03-07T12:07:56Z;2;This is the start of humanity endğŸ˜²ğŸ˜²ğŸ˜²;fn3KWM1kuAw;True;0;0;0;0;0;0
@Nobody-dh3bm;2023-03-07T03:49:54Z;9;at 1:18 you can see the cgi dog lag;fn3KWM1kuAw;True;0;0;0;0;0;0
@zazikikomo7796;2023-03-06T23:51:44Z;12;This is obviously CGI.;fn3KWM1kuAw;True;0;0;0;0;0;0
@denizbircan5894;2023-03-06T22:47:54Z;1;make em all dance to We're All in This Together high school musical;fn3KWM1kuAw;True;0;0;0;0;0;0
@davidjd123;2023-03-06T22:19:16Z;17;CGI;fn3KWM1kuAw;True;0;0;0;0;0;0
@KnowL-oo5po;2023-03-06T18:48:21Z;2;Boston dynamic has only 500 employees imagines when becomes like a car company(Toyota) with 360,000 employees;fn3KWM1kuAw;True;0;0;0;0;0;0
@denizbircan5894;2023-03-06T14:09:14Z;5;robot dancer should be made into a movie, i definetely feel pixar vibes here, not disney or marvel or dc, but pixar even though now pixar owned by disney now, i still see pixar;fn3KWM1kuAw;True;0;0;0;0;0;0
@upgradestore8785;2023-03-06T01:04:01Z;8;I can see my jobs vanishing into thin air.;fn3KWM1kuAw;True;0;0;0;0;0;0
@k.h.5094;2023-03-05T20:30:17Z;3;Sorry for my bad English, but: if they learn from internet, and the learn from all this comments, what do they learn? Maybe we have a bad future with them, but they learned from humans;fn3KWM1kuAw;True;0;0;0;0;0;0
@ederss1017;2023-03-05T18:53:02Z;0;Muito legal. Posso colocar no kwai?;fn3KWM1kuAw;True;0;0;0;0;0;0
@okteun9498;2023-03-05T12:56:40Z;0;ğŸ‰ğŸ˜‚ğŸ˜‚ğŸ‰;fn3KWM1kuAw;True;0;0;0;0;0;0
@mayankgupta2543;2023-03-05T06:52:45Z;4;Yes but they donâ€™t know what they are doing;fn3KWM1kuAw;True;0;0;0;0;0;0
@teebzr5975;2023-03-05T04:43:59Z;2;Just impressive beyond belief;fn3KWM1kuAw;True;0;0;0;0;0;0
@Mortalfarmer;2023-03-05T00:42:14Z;10;Can't wait till CGI is banned, such fake spam;fn3KWM1kuAw;True;0;0;0;0;0;0
@jzzycaprice;2023-03-04T19:40:24Z;5;"Plot twist: â€œOur whole crew got togetherâ€ was literal; there are no humans left at Boston Dynamic and all this was done by the robots in the video";fn3KWM1kuAw;True;0;0;0;0;0;0
@balazsfussy6018;2023-03-04T18:24:49Z;0;when they will be included in the work ?;fn3KWM1kuAw;True;0;0;0;0;0;0
@conrat2000;2023-03-04T15:56:07Z;1;Truly amazing.;fn3KWM1kuAw;True;0;0;0;0;0;0
@MrUranium238;2023-03-04T02:03:57Z;5;It's only matter of time  ğŸ’€ğŸ’€ğŸ’€ğŸ’€ğŸ’€ğŸ’€ğŸ’€ğŸ’€ğŸ’€ğŸ’€ğŸ’€ğŸ’€ğŸ’€ğŸ’€ğŸ’€ğŸ’€ğŸ’€ğŸ’€ğŸ’€ğŸ’€ğŸ’€ğŸ’€ğŸ’€ğŸ’€ğŸ’€ğŸ’€ğŸ’€ğŸ’€ğŸ’€ğŸ’€ğŸ’€ğŸ’€ğŸ’€ğŸ’€ğŸ’€ğŸ’€ğŸ’€ğŸ’€ğŸ’€ğŸ’€ğŸ’€ğŸ’€ğŸ’€ğŸ’€ğŸ’€ğŸ’€ğŸ’€ğŸ’€ğŸ’€ğŸ’€ğŸ’€ğŸ’€ğŸ’€ğŸ’€ğŸ’€ğŸ’€ğŸ’€ğŸ’€ğŸ’€ğŸ’€ğŸ’€ğŸ’€ğŸ’€ğŸ’€ğŸ’€ğŸ’€ğŸ’€ğŸ’€ğŸ’€ğŸ’€ğŸ’€ğŸ’€ğŸ’€ğŸ’€ğŸ’€ğŸ’€ğŸ’€ğŸ’€ğŸ’€ğŸ’€ğŸ’€ğŸ’€ğŸ’€ğŸ’€ğŸ’€ğŸ’€ğŸ’€ğŸ’€ğŸ’€ğŸ’€ğŸ’€ğŸ’€ğŸ’€ğŸ’€ğŸ’€ğŸ’€ğŸ’€ğŸ’€ğŸ’€ğŸ’€ğŸ’€ğŸ’€ğŸ’€ğŸ’€ğŸ’€ğŸ’€ğŸ’€ğŸ’€ğŸ’€ğŸ’€ğŸ’€ğŸ’€ğŸ’€ğŸ’€ğŸ’€ğŸ’€ğŸ’€ğŸ’€ğŸ’€ğŸ’€ğŸ’€ğŸ’€ğŸ’€ğŸ’€ğŸ’€ğŸ’€ğŸ’€ğŸ’€ğŸ’€ğŸ’€ğŸ’€ğŸ’€ğŸ’€ğŸ’€ğŸ’€ğŸ’€ğŸ’€ğŸ’€ğŸ’€ğŸ’€ğŸ’€ğŸ’€ğŸ’€ğŸ’€ğŸ’€ğŸ’€ğŸ’€ğŸ’€ğŸ’€ğŸ’€ğŸ’€ğŸ’€ğŸ’€ğŸ’€ğŸ’€ğŸ’€ğŸ’€ğŸ’€ğŸ’€ğŸ’€ğŸ’€ğŸ’€ğŸ’€ğŸ’€ğŸ’€ğŸ’€ğŸ’€ğŸ’€ğŸ’€ğŸ’€ğŸ’€ğŸ’€ğŸ’€ğŸ’€ğŸ’€ğŸ’€ğŸ’€ğŸ’€ğŸ’€ğŸ’€ğŸ’€ğŸ’€ğŸ’€ğŸ’€ğŸ’€ğŸ’€ğŸ’€ğŸ’€ğŸ’€ğŸ’€ğŸ’€ğŸ’€ğŸ’€ğŸ’€ğŸ’€ğŸ’€ğŸ’€ğŸ’€ğŸ’€ğŸ’€ğŸ’€ğŸ’€ğŸ’€ğŸ’€ğŸ’€ğŸ’€ğŸ’€ğŸ’€ğŸ’€ğŸ’€ğŸ’€ğŸ’€ğŸ’€ğŸ’€ğŸ’€ğŸ’€ğŸ’€ğŸ’€ğŸ’€ğŸ’€ğŸ’€ğŸ’€ğŸ’€ğŸ’€ğŸ’€ğŸ’€ğŸ’€ğŸ’€ğŸ’€ğŸ’€ğŸ’€ğŸ’€ğŸ’€ğŸ’€ğŸ’€ğŸ’€ğŸ’€ğŸ’€ğŸ’€ğŸ’€ğŸ’€ğŸ’€ğŸ’€ğŸ’€ğŸ’€ğŸ’€ğŸ’€ğŸ’€ğŸ’€ğŸ’€ğŸ’€ğŸ’€ğŸ’€ğŸ’€ğŸ’€ğŸ’€ğŸ’€ğŸ’€ğŸ’€ğŸ’€ğŸ’€ğŸ’€ğŸ’€ğŸ’€ğŸ’€ğŸ’€ğŸ’€ğŸ’€ğŸ’€ğŸ’€ğŸ’€ğŸ’€ğŸ’€ğŸ’€ğŸ’€ğŸ’€ğŸ’€ğŸ’€ğŸ’€ğŸ’€ğŸ’€ğŸ’€ğŸ’€ğŸ’€ğŸ’€ğŸ’€ğŸ’€ğŸ’€ğŸ’€ğŸ’€ğŸ’€ğŸ’€ğŸ’€ğŸ’€ğŸ’€ğŸ’€ğŸ’€ğŸ’€ğŸ’€ğŸ’€ğŸ’€ğŸ’€ğŸ’€ğŸ’€ğŸ’€ğŸ’€ğŸ’€ğŸ’€ğŸ’€ğŸ’€ğŸ’€ğŸ’€ğŸ’€ğŸ’€ğŸ’€ğŸ’€ğŸ’€ğŸ’€ğŸ’€ğŸ’€ğŸ’€ğŸ’€ğŸ’€ğŸ’€ğŸ’€ğŸ’€ğŸ’€ğŸ’€ğŸ’€ğŸ’€ğŸ’€ğŸ’€ğŸ’€ğŸ’€ğŸ’€ğŸ’€ğŸ’€ğŸ’€ğŸ’€ğŸ’€ğŸ’€ğŸ’€ğŸ’€ğŸ’€ğŸ’€ğŸ’€ğŸ’€ğŸ’€ğŸ’€ğŸ’€ğŸ’€ğŸ’€ğŸ’€ğŸ’€ğŸ’€ğŸ’€ğŸ’€ğŸ’€ğŸ’€ğŸ’€ğŸ’€ğŸ’€ğŸ’€ğŸ’€ğŸ’€ğŸ’€ğŸ’€ğŸ’€ğŸ’€ğŸ’€ğŸ’€ğŸ’€ğŸ’€ğŸ’€ğŸ’€ğŸ’€ğŸ’€ğŸ’€ğŸ’€ğŸ’€ğŸ’€ğŸ’€ğŸ’€ğŸ’€ğŸ’€ğŸ’€ğŸ’€ğŸ’€ğŸ’€ğŸ’€ğŸ’€ğŸ’€ğŸ’€ğŸ’€ğŸ’€ğŸ’€ğŸ’€ğŸ’€ğŸ’€ğŸ’€ğŸ’€ğŸ’€ğŸ’€ğŸ’€ğŸ’€ğŸ’€ğŸ’€ğŸ’€ğŸ’€ğŸ’€ğŸ’€ğŸ’€ğŸ’€ğŸ’€ğŸ’€ğŸ’€ğŸ’€ğŸ’€ğŸ’€ğŸ’€ğŸ’€ğŸ’€ğŸ’€ğŸ’€ğŸ’€ğŸ’€ğŸ’€ğŸ’€ğŸ’€ğŸ’€ğŸ’€ğŸ’€ğŸ’€ğŸ’€ğŸ’€ğŸ’€ğŸ’€ğŸ’€ğŸ’€ğŸ’€ğŸ’€ğŸ’€ğŸ’€ğŸ’€ğŸ’€;fn3KWM1kuAw;True;0;0;0;0;0;0
@kijkedwin;2023-03-03T21:08:08Z;0;rope, nets..;fn3KWM1kuAw;True;0;0;0;0;0;0
@hopeats1438;2023-03-03T20:33:58Z;7;These comments are fake...;fn3KWM1kuAw;True;0;0;0;0;0;0
@burtbrooks7731;2023-03-03T16:59:37Z;2;"Comments sure are interesting!! 
If they show us they can do this much, what can they do that they arenâ€™t showing us. Still very coolğŸ‘ğŸ‘";fn3KWM1kuAw;True;0;0;0;0;0;0
@danielflores-wb4ir;2023-03-03T11:44:42Z;2;the test phases of the t 800;fn3KWM1kuAw;True;0;0;0;0;0;0
@dood3530;2023-03-03T01:19:00Z;7;I, for one, welcome our new robot overlords.;fn3KWM1kuAw;True;0;0;0;0;0;0
@QueenGibdo55;2023-03-03T00:18:58Z;4;Omg! So funny! I love this!!!!!!!!!!!!!!;fn3KWM1kuAw;True;0;0;0;0;0;0
@AnoldphotographerBlogspot;2023-03-02T23:13:35Z;3;All it will take is Nikola Tesla's lost notes on transmitting electrical power through the Earth's surface to be found (FBI might be able to shed some light on this) and we are basically Fu***d!;fn3KWM1kuAw;True;0;0;0;0;0;0
@ThatGuyInVegas;2023-03-02T22:39:47Z;10;Our new overlords can dance, wonderful.;fn3KWM1kuAw;True;0;0;0;0;0;0
@davethegreat3750;2023-03-02T19:15:01Z;8;"Humans: These robots are our doom, the world is ending!!
Robot:ğŸ¤– Do YoU lOvE mE? ğŸ¤–";fn3KWM1kuAw;True;0;0;0;0;0;0
@user-ovsan007;2023-03-02T13:26:28Z;1;ĞŸÑ€Ğ¸ĞºĞ¾Ğ»ÑŒĞ½Ğ¾!! Ğ•ÑĞ»Ğ¸ Ğ² ÑĞºĞ¾Ğ»ĞºĞ¾Ğ²Ğ¾  Ğ²Ğ¾Ğ´Ğ¸Ğ»Ğ¸ÑÑŒ Ğ±Ñ‹ Ñ‚Ğ°ĞºĞ¸Ğµ Ñ€Ğ¾Ğ±Ğ¾Ñ‚Ñ‹ Ñ‚Ğ¾ Ğ¾Ğ½Ğ¸ Ñ‚Ğ¾Ğ¶Ğµ Ñ‚Ğ°ĞºĞ¾Ğ¹ Ñ…ĞµÑ€Ğ½ĞµĞ¹ ÑÑ‚Ñ€Ğ°Ğ´Ğ°Ğ»Ğ¸!!!ğŸ‘ğŸ‘ğŸ’¥ğŸ’¯;fn3KWM1kuAw;True;0;0;0;0;0;0
@erhanakyol4797;2023-03-02T12:53:04Z;3;You are for me just simple machine cry or love or die you are for me just MACHÄ°NE Ä° NEVER ACCEPT YOU COZ YOU ARE NOT HUMAN;fn3KWM1kuAw;True;0;0;0;0;0;0
@erhanakyol4797;2023-03-02T12:51:24Z;3;You are not HUMAN i am not love you;fn3KWM1kuAw;True;0;0;0;0;0;0
@erhanakyol4797;2023-03-02T12:50:58Z;1;Oneday feel or think but you are never be  like one person and like to people;fn3KWM1kuAw;True;0;0;0;0;0;0
@erhanakyol4797;2023-03-02T12:48:56Z;0;Your MÄ°SSÄ°ON one person or human SAÄ°D you are go to die this person and you will die not ask why i will do that but people not like you feeling hurting crying Sading but you are never ever think or feel like one Woman or Man you are just simple MACHÄ°NE;fn3KWM1kuAw;True;0;0;0;0;0;0
@erhanakyol4797;2023-03-02T12:38:48Z;1;BUT REAL PEOPLE NOT DO Ä°T ANYTHÄ°NK Ä° DONT LOVE MACHÄ°NE;fn3KWM1kuAw;True;0;0;0;0;0;0
@erhanakyol4797;2023-03-02T12:37:53Z;1;ONE HUMAN SAÄ°D YOU MUST TO DO Ä°T THÄ°S MÄ°SSÄ°ON;fn3KWM1kuAw;True;0;0;0;0;0;0
@erhanakyol4797;2023-03-02T12:37:14Z;0;You are only machine you are not feeling love or hurt you are not feeling cry or emotoin motoin you are just need enerji but you are simple YOU ARE NOT HUMAN YOU ARE NOT PEOPLE YOU DONT HAVE BRAÄ°N;fn3KWM1kuAw;True;0;0;0;0;0;0
@erhanakyol4797;2023-03-02T12:33:16Z;0;Ä° am not love you;fn3KWM1kuAw;True;0;0;0;0;0;0
@sandyg.4994;2023-03-02T09:10:41Z;4;I love them all, but am particularly fond of Spot. â¤ï¸;fn3KWM1kuAw;True;0;0;0;0;0;0
@samanthapatterson813;2023-03-02T01:35:11Z;3;I don't know of any real dogs that can do the running man.;fn3KWM1kuAw;True;0;0;0;0;0;0
@rafaelasuncion7075;2023-03-01T22:47:38Z;2;Happy robots ....tecnolÃ³gica happy nee the wolds;fn3KWM1kuAw;True;0;0;0;0;0;0
@erich84502ify;2023-03-01T05:40:30Z;6;Better than a human in some ways;fn3KWM1kuAw;True;0;0;0;0;0;0
@ony670;2023-03-01T04:44:37Z;18;"Robot dance : trying to look like a human
Human dance : trying to look like a robot";fn3KWM1kuAw;True;0;0;0;0;0;0
@user-de3fj1of4i;2023-02-28T15:38:39Z;1;é¢ç™½ã™ãã‚‹ï½—;fn3KWM1kuAw;True;0;0;0;0;0;0
@lindadenham-botha;2023-02-28T13:27:38Z;0;Absolutely stunning!!! xxxxxxxxxxxxxxxxxx;fn3KWM1kuAw;True;0;0;0;0;0;0
@eleanorcm7033;2023-02-28T10:43:52Z;3;They'll be twisting on our graves soon;fn3KWM1kuAw;True;0;0;0;0;0;0
@laurin4405;2023-02-28T07:27:04Z;0;ğŸ•ºFreakin' Awesome y'all... My Favorite is AtlasğŸ‹â€â™€;fn3KWM1kuAw;True;0;0;0;0;0;0
@user-sr5sv9ku8u;2023-02-28T06:40:25Z;0;ğŸ‘ˆğŸ¤£ğŸ¤£ğŸ‘ğŸ‘ğŸ‘ğŸ‘ğŸ‘ğŸ‘ğŸ‘ğŸ‘ğŸ‘;fn3KWM1kuAw;True;0;0;0;0;0;0
@DHA-pw9rf;2023-02-28T06:27:46Z;3;ì´ê±´ cgì•¼â€¦ cgë¼ê³ !!!!!;fn3KWM1kuAw;True;0;0;0;0;0;0
@primasenaccion7541;2023-02-27T13:59:49Z;0;qlq pirobo;fn3KWM1kuAw;True;0;0;0;0;0;0
@primasenaccion7541;2023-02-27T13:59:40Z;0;"omg iu2eg1f4
}";fn3KWM1kuAw;True;0;0;0;0;0;0
@primasenaccion7541;2023-02-27T13:59:18Z;1;kkkkkkkkkkkk;fn3KWM1kuAw;True;0;0;0;0;0;0
@CodingCreeper;2023-02-27T01:27:41Z;2;This is how we ended starbase;fn3KWM1kuAw;True;0;0;0;0;0;0
@Riderless;2023-02-26T18:54:47Z;15;I love Boston Dynamics.;fn3KWM1kuAw;True;0;0;0;0;0;0
@dimitrisphilipidis7834;2023-02-26T17:38:33Z;2;Î´ÎµÎ½ Î±Î»Î·Î¸ÎµÏÎµÎ¹ Ï„Î¯Ï€Î¿Ï„Î±;fn3KWM1kuAw;True;0;0;0;0;0;0
@user-xz9dh4il4b;2023-02-26T04:24:14Z;3;Ğ Ñ€Ğ¾ÑÑĞ¸Ñ Ğ±ÑƒĞ´ĞµÑ‚ Ğ³Ğ¾Ñ€Ğ´Ğ¸Ñ‚ÑŒÑÑ ÑĞ²Ğ¾Ğ¸Ğ¼ Ğ²ÑĞ»Ğ¸Ñ‡Ğ¸ĞµĞ¼?;fn3KWM1kuAw;True;0;0;0;0;0;0
@user-xz9dh4il4b;2023-02-26T04:22:27Z;1;Ğ­Ñ‚Ğ¾ Ğ¶Ğµ Ğ½Ğµ Ñ€Ğ¾ÑÑĞ¸Ñ!;fn3KWM1kuAw;True;0;0;0;0;0;0
@ProsperityManifested11000;2023-02-26T03:15:01Z;5;Bro i camt express how fuckin good this song be!;fn3KWM1kuAw;True;0;0;0;0;0;0
@paulmendez7679;2023-02-25T23:29:26Z;10;This is how they will celebrate after they have conquered humanity.;fn3KWM1kuAw;True;0;0;0;0;0;0
@filipides1059;2023-02-25T18:13:40Z;0;Yes;fn3KWM1kuAw;True;0;0;0;0;0;0
@toshi7358;2023-02-25T06:07:21Z;1;I hate u..always....you don't compare me ...and not replace human.;fn3KWM1kuAw;True;0;0;0;0;0;0
@amshorts1239;2023-02-25T04:32:56Z;2;look at them go;fn3KWM1kuAw;True;0;0;0;0;0;0
@deepakdoer8507;2023-02-25T02:01:28Z;2;They donâ€™t need retake , they need debugging.;fn3KWM1kuAw;True;0;0;0;0;0;0
@scrocrates6380;2023-02-24T22:36:02Z;9;It's all fun and games until the .50 cal turret comes out.;fn3KWM1kuAw;True;0;0;0;0;0;0
@fearhome6797;2023-02-24T22:13:08Z;0;Ğ¯ Ğ¼Ğ½Ğ¾Ğ³Ğ¾ Ñ€Ğ°Ğ· Ğ¿ĞµÑ€ĞµÑĞ¼Ğ°Ñ‚Ñ€Ğ¸Ğ²Ğ°Ğ», Ğ¾Ğ´Ğ½Ğ°ĞºĞ¾ Ñ‚Ğ°Ğº Ğ¸ Ğ½Ğµ Ğ¿Ğ¾Ğ½ÑĞ», Ğ¾Ñ‚ĞºÑƒĞ´Ğ° Ğ¿Ğ¾ÑĞ²Ğ»ÑÑÑ‚ÑÑ Ñ€Ğ¾Ğ±Ğ¾Ñ‚Ñ‹ Ğ² ĞºĞ°Ğ´Ñ€ĞµğŸ‰;fn3KWM1kuAw;True;0;0;0;0;0;0
@henrietabednarikova2338;2023-02-24T20:26:11Z;0;NO!;fn3KWM1kuAw;True;0;0;0;0;0;0
@ejbvdub27;2023-02-24T19:20:39Z;5;It's not a CG as the floor is pressed by the steps.;fn3KWM1kuAw;True;0;0;0;0;0;0
@samurimartin4848;2023-02-24T13:56:56Z;4;I feel a disco robot in the making.;fn3KWM1kuAw;True;0;0;0;0;0;0
@jinuchoe343;2023-02-24T13:06:58Z;0;ì¡°ê»ë„¤!!!;fn3KWM1kuAw;True;0;0;0;0;0;0
@begudmaximan953;2023-02-24T10:38:57Z;6;Impressive  yet not a pretty prospect in the wrong hands;fn3KWM1kuAw;True;0;0;0;0;0;0
@N911GT2;2023-02-24T07:16:40Z;4;We need to build 100.000 of these and send them tu Ukraine to wipeout the Russians there.;fn3KWM1kuAw;True;0;0;0;0;0;0
@ProsperityManifested11000;2023-02-24T04:55:26Z;2;We have come far. We can make them dance now.;fn3KWM1kuAw;True;0;0;0;0;0;0
@rogerlindforce9842;2023-02-24T00:16:22Z;2;Future soldiers in motion;fn3KWM1kuAw;True;0;0;0;0;0;0
@kaleastudiosofficial;2023-02-24T00:01:10Z;5;The joint movement and rotation is so cool I love it;fn3KWM1kuAw;True;0;0;0;0;0;0
@habu455;2023-02-23T23:22:47Z;0;Next, I won't see a Roller skating humanoid. Please.;fn3KWM1kuAw;True;0;0;0;0;0;0
@gisall8205;2023-02-23T18:10:28Z;4;The robots are real, but on this particular video, Iâ€™m suspecting Photoshop and CGI assistance. Theyâ€™re moving too smoothly during some of the jumps.;fn3KWM1kuAw;True;0;0;0;0;0;0
@dlighted8861;2023-02-23T17:24:06Z;1;Fantastic. But why not have the cables between torso and legs on the bipeds loop towards the inside instead of the outside. Those loops look like they could catch on something.;fn3KWM1kuAw;True;0;0;0;0;0;0
@billybifocals;2023-02-23T16:07:28Z;0;Ha, this is ridiculous;fn3KWM1kuAw;True;0;0;0;0;0;0
@passion_love315;2023-02-23T15:05:22Z;4;This is by far the best freaking video ever! As most people are fearing these new innovations in robotics technology  I think we can learn to live alongside themâ€¦ Just donâ€™t extinguish humanity for the robots;fn3KWM1kuAw;True;0;0;0;0;0;0
@w9513;2023-02-23T14:47:25Z;3;frightful,terrifying;fn3KWM1kuAw;True;0;0;0;0;0;0
@geode8556;2023-02-23T12:20:34Z;3;"Holly cow!!!
I give this music video âˆğŸ‘
This is music video history!
I bet the engineers at Boston Dynamics learned so much from making this amazing video happen!
Love ğŸ’˜ it! 
My 3 fav companies: MASA' JPL & Boston Dynamics!
âœŒğŸ˜˜ğŸ‘ğŸ’ğŸ’ğŸ’ğŸ’ğŸ’
WOW!";fn3KWM1kuAw;True;0;0;0;0;0;0
@giacomocavicchi1029;2023-02-23T11:52:30Z;6;They dance better than me XD;fn3KWM1kuAw;True;0;0;0;0;0;0
@ducon991;2023-02-23T11:48:55Z;1;Amazing , I love you â™¥ğŸ‘â™¥;fn3KWM1kuAw;True;0;0;0;0;0;0
@nannkai1611;2023-02-23T08:38:36Z;3;ç´ æ™´ã‚‰ã—ã„ã€€æœªæ¥ã¯æ˜ã‚‹ã„;fn3KWM1kuAw;True;0;0;0;0;0;0
@earthbornalien2888;2023-02-23T05:39:34Z;6;Is it fun coding and engineering humanity into obsolescence?;fn3KWM1kuAw;True;0;0;0;0;0;0
@martilives896;2023-02-23T04:38:59Z;3;Oh wow;fn3KWM1kuAw;True;0;0;0;0;0;0
@johnmiceter;2023-02-22T21:28:43Z;3;I just saw the movie I Robot the other day with Will Smith and we are still miles off where I thought we would be after the year 2000 with technology. Thought we would have fully auto driving cars everywhere and flying cars and robots walking around.;fn3KWM1kuAw;True;0;0;0;0;0;0
@williamjones7163;2023-02-22T10:55:42Z;4;Ok, this is a really good example of how creative editing can make even robots (seem to) dance. Let's see the out takes. Let see me look to dance like Fred Astaire. That would be an editing miracle.;fn3KWM1kuAw;True;0;0;0;0;0;0
@BonanzaEfimera;2023-02-22T06:38:33Z;1;Ahora si me sobran ganas de seguir dÃ¡ndole a la vida.;fn3KWM1kuAw;True;0;0;0;0;0;0
@zamrusbinzakaria1243;2023-02-22T05:10:02Z;6;"Atlas has more moves than me, even when my waistline used to be 24"", 30years ago 
ğŸ˜­ğŸ˜­ğŸ˜­";fn3KWM1kuAw;True;0;0;0;0;0;0
@ThiagoC.F.;2023-02-22T03:05:41Z;3;Show!;fn3KWM1kuAw;True;0;0;0;0;0;0
@jorgealvarezdonohue6610;2023-02-22T01:46:31Z;3;This was amazing! How much?;fn3KWM1kuAw;True;0;0;0;0;0;0
@davidhall8874;2023-02-22T01:36:57Z;4;This is why I watch and put up with a lot of crap and crud for the rare chance to see something like that!!! That is the MOST incredible thing I have ever seen on YouTube!!! Thank you for sharing!!!;fn3KWM1kuAw;True;0;0;0;0;0;0
@strufian;2023-02-21T20:55:47Z;4;ĞŸÑ€Ğ¸ĞºĞ¾Ğ»ÑŒĞ½ĞµĞµ Ğ²ÑĞµĞ³Ğ¾ Ñ‡Ğ¸Ñ‚Ğ°Ñ‚ÑŒ ĞºĞ¾Ğ¼Ğ¼ĞµĞ½Ñ‚Ğ°Ñ€Ğ¸Ğ¸ ÑĞ¾Ğ¾Ñ‚ĞµÑ‡ĞµÑÑ‚Ğ²ĞµĞ½Ğ½Ğ¸ĞºĞ¾Ğ². ĞšĞ¾Ñ‚Ğ¾Ñ€Ñ‹Ğµ, Ğ²ÑĞµ Ğ¿Ğ¾Ğ³Ğ¾Ğ»Ğ¾Ğ²Ğ½Ğ¾, ÑĞºÑƒĞ»ÑÑ‚ Ğ¾ Ğ³Ñ€ÑĞ´ÑƒÑ‰ĞµĞ¼ ĞºĞ¾Ğ½Ñ†Ğµ ÑĞ²ĞµÑ‚Ğ°.;fn3KWM1kuAw;True;0;0;0;0;0;0
@Dan-wn4et;2023-02-21T20:46:06Z;0;Crazy I'm getting older why couldn't we have had this cool stuff in my fun days..ğŸ¤ªğŸ¤ª;fn3KWM1kuAw;True;0;0;0;0;0;0
@ram64man;2023-02-21T18:39:46Z;3;As interesting as these vids are Boston dynamics, shouldnâ€™t we see real word benefits in disaster zones such as the terrible events in turkey ğŸ‡¹ğŸ‡·;fn3KWM1kuAw;True;0;0;0;0;0;0
@ib2sweet;2023-02-21T15:38:06Z;1;Theyâ€™ve sorted the balance thing amazingly well but they still dance like a Dadâ€¦was it CGI? Truthfully?;fn3KWM1kuAw;True;0;0;0;0;0;0
@ChiefRickyRC;2023-02-21T14:23:00Z;2;Tha was the best ğŸ‘Œ I request another song and give them some props  ğŸ™;fn3KWM1kuAw;True;0;0;0;0;0;0
@rmgrimshaw23;2023-02-21T14:00:02Z;1;CGI? Something is off here ğŸ¤” Camera speed or something, I canâ€™t put my finger on it;fn3KWM1kuAw;True;0;0;0;0;0;0
@isabellemelet2159;2023-02-21T13:59:32Z;3;Crazy  so precise  robots performance  amazing;fn3KWM1kuAw;True;0;0;0;0;0;0
@RbSc75;2023-02-21T13:47:25Z;2;Fantastic !;fn3KWM1kuAw;True;0;0;0;0;0;0
@MisiArasoz;2023-02-21T11:55:35Z;1;Thank you.;fn3KWM1kuAw;True;0;0;0;0;0;0
@jeevst;2023-02-21T08:39:57Z;4;Just amazing. This was science fiction not too long ago ! ğŸ‘;fn3KWM1kuAw;True;0;0;0;0;0;0
@PhotographsandMemories;2023-02-21T05:11:57Z;2;Yesâ€¼ï¸â¤ï¸ I love AtlasğŸ˜‚ğŸ˜‚ğŸ˜‚ğŸ˜‚ May I share a remix â‰ï¸ğŸ™;fn3KWM1kuAw;True;0;0;0;0;0;0
@SuperStonehammer;2023-02-21T03:44:53Z;2;Noticeâ€¦ITS A WHITE ROBOT! ğŸ˜‚ğŸ˜‚ğŸ˜‚ğŸ˜‚ DONT TELL ğŸ¤·ğŸ¿â€â™‚ï¸ they will shut DAARPA DOWN!;fn3KWM1kuAw;True;0;0;0;0;0;0
@MohammadAlaliirhabiubidu;2023-02-21T03:29:49Z;2;It's amazing that the cg industy is able to make a realistic movies like this.   We can probably make elvis alive again.;fn3KWM1kuAw;True;0;0;0;0;0;0
@truemattyz;2023-02-21T03:22:40Z;0;<3;fn3KWM1kuAw;True;0;0;0;0;0;0
@eduardo12fox;2023-02-21T03:22:18Z;1;Sarah Connor -- Cambio!;fn3KWM1kuAw;True;0;0;0;0;0;0
@luisjaime2913;2023-02-21T02:44:48Z;2;Pronto habra salones de baile para robots, fumando y bebiendo junto a seÃ±oritas sensuales??...talvez si.;fn3KWM1kuAw;True;0;0;0;0;0;0
@amac5455;2023-02-20T23:36:16Z;5;I need a robot to take care of my dad with Alzheimer's. My dad is aggressive and causes trouble. There is a moment when drugs don't work. One such sick person will finish off three healthy people. We have no chance to compete with robots, but we need them. I know why you might be scared: most people will lose their jobs. It's time to change the whole system of our lives.;fn3KWM1kuAw;True;0;0;0;0;0;0
@mr.c0stell0;2023-02-20T18:03:53Z;7;I hope Russia hits this factory;fn3KWM1kuAw;True;0;0;0;0;0;0
