author,updated_at,like_count,text,video_id,public,Vermenschlichung,Leistung,Autonomie,Positiv,Neutral,Negativ,label
@trollingisasport,2023-09-14T13:01:21Z,6,They'll soon be dancing on our graves.,fn3KWM1kuAw,True,0,0,0,0,0,0,"Label Two 'negative': The comment suggests a negative view of robots/AI, implying that they will outlast or surpass humans in a way that is not positive for humanity."
@tykamen5588,2023-09-14T12:28:09Z,7,Yes they can dance but...can they love?,fn3KWM1kuAw,True,0,0,0,0,0,0,"Label Four 'Human characteristics': The comment assigns the ability to love, which is a human trait, to robots."
@TheSeabornGaming,2023-09-14T05:56:33Z,3,Still one of my absolute favorite videos. It so cute.,fn3KWM1kuAw,True,0,0,0,0,0,0,Label One 'positive': The person expresses affection by describing the video as one of their absolute favorites and calling it cute.
@Mid-no3pk,2023-09-14T03:14:41Z,3,put an ar15 on it,fn3KWM1kuAw,True,0,0,0,0,0,0,"Label Two 'negative': The comment suggests a violent action towards robots/AI, indicating negative sentiment."
@Acudit,2023-09-14T02:59:10Z,11,"This comment section is all over the place.
""I love them!""
""Marry me! I love you too!""
""This is terrifying!""
""FAKE!"" (Debunked by the Corridor Crew btw)
""What a masterpiece of engineering!""
And of course ""Doomsday is coming. Be prepared. The end is nigh! The robot uprising is upon us!""",fn3KWM1kuAw,True,0,0,0,0,0,0,"1. Label One: The person expresses affection, which is a positive sentiment.
2. Label Four: The person is proposing marriage, attributing human-like affection and relationship dynamics to the robot/AI.
3. Label Two: The person is expressing fear, which is a negative sentiment.
4."
@unpeople,2023-09-14T02:58:25Z,4,"This is the first video I've ever added to both my ""dance"" and ""technology"" playlists. On a side note, I'm a bit disgusted that all of these robots, including the ""dog"", dance way better than I do.",fn3KWM1kuAw,True,0,0,0,0,0,0,"- Label One 'positive': 1 - The person has added the video to their playlists, indicating they liked it.
- Label Four 'Human characteristics': 4 - The person is attributing the ability to dance, a human trait, to robots.
- Label Five 'Overestimation of performance"
@TheGreyBird71,2023-09-13T18:56:02Z,5,If we put chat gpt into these things humanity is fucked,fn3KWM1kuAw,True,0,0,0,0,0,0,"Label Two 'negative': The person expresses a fear that integrating chat GPT (an AI) into ""these things"" (unspecified, but likely referring to various systems or aspects of society) would have disastrous consequences for humanity, indicating a negative view of the potential impact of AI."
@michaelponcheri3717,2023-09-13T04:08:03Z,4,I love Boston dynamics they make the coolest stuff and this might be my favorite video on YouTube!!üòÅ,fn3KWM1kuAw,True,0,0,0,0,0,0,"- Label One 'positive': 1: The person expresses enthusiasm and favoritism towards Boston Dynamics and their creations, indicating a positive view of robots/AI."
@user-mj9cd5ww7p,2023-09-13T03:44:14Z,1,scarry,fn3KWM1kuAw,True,0,0,0,0,0,0,"To provide an accurate response, I would need the specific comment to analyze and label according to the given criteria. Could you please provide the comment in question?"
@jaskiratgebi3828,2023-09-13T02:48:36Z,4,Omg I love this so much I'm crying. The shock absorption is incredible,fn3KWM1kuAw,True,0,0,0,0,0,0,"Five: Overestimates robot's performance.

The comment expresses a very high level of satisfaction with the shock absorption, which could indicate an overestimation of the robot's performance, especially with the use of ""incredible"" which suggests that the performance might be seen as beyond the usual expectations."
@user-cj9cl9fg1y,2023-09-13T01:12:25Z,0,–í–æ—Ç —Ç–µ–ø–µ—Ä—å –≥–æ–ª–æ–≤—É –ª–æ–º–∞—é: —ç—Ç–æ —Ä–æ–±–æ—Ç—ã –∏–ª–∏ –º–æ–Ω—Ç–∞–∂ —Å –ø–æ–º–æ—â—å—é –Ω–µ–π—Ä–æ—Å–µ—Ç–µ–π?,fn3KWM1kuAw,True,0,0,0,0,0,0,"Label Three 'neutral': The person is simply expressing confusion or curiosity about whether the subject is robots or a creation of neural networks, without any clear positive or negative sentiment."
@andrewsorrentino1235,2023-09-13T00:05:34Z,2,Wake up and smell the coffee this is wrong they literally made movies about this stuff wake up,fn3KWM1kuAw,True,0,0,0,0,0,0,"Label Two 'negative': The person seems to be warning about the potential dangers or negative aspects of robots/AI, as indicated by the imperative ""wake up"" which suggests that they believe there is an unrecognized threat or problem."
@ElchinRahmanov,2023-09-12T19:51:14Z,7,yes i do,fn3KWM1kuAw,True,0,0,0,0,0,0,"Label Three 'neutral': The comment ""yes i do"" does not provide any context or content that indicates a positive, negative, or human-like view of robots/AI. It is a neutral statement without further information."
@scootergirl3662,2023-09-12T17:55:03Z,7,"Yes, yes I love you.",fn3KWM1kuAw,True,0,0,0,0,0,0,"- Label One 'positive': 1: The comment expresses love, which is a positive emotion.
- Label Four 'Human characteristics': 4: Expressing love towards a robot/AI assigns it a human trait, as love is a human emotion."
@MichMeister16,2023-09-12T16:35:59Z,6,üòç,fn3KWM1kuAw,True,0,0,0,0,0,0,"Sure, please provide the comment you would like me to label."
@RagnarNomad,2023-09-12T12:59:58Z,3,Amazing yet at the same time eerily scary...I felt strong chill along my spine watching this!,fn3KWM1kuAw,True,0,0,0,0,0,0,"- Label One 'positive': 1: The word ""Amazing"" indicates a positive perception.
- Label Two 'negative': 2: The phrase ""eerily scary"" and the physical reaction of a ""strong chill along my spine"" suggest a negative emotional response.
- Label Three 'neutral':"
@alissiafiorentini6843,2023-09-12T10:55:22Z,2,"yes, i love you little bot",fn3KWM1kuAw,True,0,0,0,0,0,0,"- Label One 'positive': 1; The comment expresses affection, indicating a positive sentiment towards the AI.
- Label Four 'Human characteristics': 4; The use of ""love"" and the term ""little bot"" anthropomorphizes the AI."
@trenvert123,2023-09-12T05:56:29Z,7,"I was jamming along with the human-like movements, and then this moment happened at 1:37 and it shattered the illusion for me, as no human could raise their leg up like that without having to redistribute weight for balance. I was reminded that they are just machines created for a purpose that I have no clue about. Kind of hard to smile when you can envision them marching down streets, demanding entrance into our homes.",fn3KWM1kuAw,True,0,0,0,0,0,0,"- Label Two 'negative': The person expresses a negative view of robots/AI, as they are reminded that the robots are just machines and envision a dystopian scenario.
- Label Four 'Human characteristics': The person initially attributes human-like movements to the robots, indicating they were assigning human traits.
-"
@ricardomonteiro6450,2023-09-12T00:58:48Z,3,That's right. So cute! Keep playing. The end will be nice. For all of us.......,fn3KWM1kuAw,True,0,0,0,0,0,0,"Label Four 'Human characteristics': The comment assigns human traits to robots/AI by encouraging them to ""Keep playing"" as if they can enjoy the activity and experience an outcome that is ""nice,"" which implies an emotional response."
@windowsbear,2023-09-11T23:25:41Z,2,fake and gay,fn3KWM1kuAw,True,0,0,0,0,0,0,"- Label Two 'negative': The comment ""fake and gay"" does not provide any constructive criticism or meaningful insight. It uses derogatory language and seems to express a negative sentiment without any clear context or justification."
@NewTrick2D,2023-09-11T20:33:29Z,0,wtf,fn3KWM1kuAw,True,0,0,0,0,0,0,"Sure, I can do that. However, you haven't provided a comment for me to analyze and label. Could you please provide the comment you want me to evaluate?"
@tmdy,2023-09-11T19:13:08Z,0,The yellow one oddly reminds me of the demogorgon dogs (demodogs) from Stranger Things.,fn3KWM1kuAw,True,0,0,0,0,0,0,"Label Four: The person is assigning a characteristic of a fictional creature (demodogs from Stranger Things) to the robot/AI, which is a form of anthropomorphism or assigning non-human entities with human-like traits or behaviors."
@lisabendoris8376,2023-09-11T15:30:49Z,2,These guys <-(the robots) never fail to make us smileüòÅ,fn3KWM1kuAw,True,0,0,0,0,0,0,"- Label One 'positive': The person thinks positive about robots/AI.
- Label Four 'Human characteristics': Assigns human traits to robots.

1: The comment expresses a positive sentiment towards robots/AI as it states they ""never fail to make us smile.""
4: The comment anthropomorph"
@Okami_kawaii_pwp,2023-09-11T14:14:14Z,0,When los t√©cnicos no estan en casa xD :,fn3KWM1kuAw,True,0,0,0,0,0,0,"Label Four 'Human characteristics': The comment implies that robots or AI are acting or present when technicians (possibly humans) are not, which anthropomorphizes the robots/AI by suggesting they have a presence or activity similar to humans."
@Andy_Holmes,2023-09-11T06:57:00Z,0,2x speed is kind of freaky.,fn3KWM1kuAw,True,0,0,0,0,0,0,"Label Three 'neutral': The comment ""2x speed is kind of freaky"" does not explicitly express a positive or negative sentiment towards robots/AI. It seems to be a neutral statement about the perception of something (possibly a video or audio playback) at double speed, which can be unsettling or"
@gio-jk3bt,2023-09-10T12:09:05Z,3,la cosa pi√π bella che abbia mia visto,fn3KWM1kuAw,True,0,0,0,0,0,0,"The comment ""la cosa pi√π bella che abbia mai visto"" translates to ""the most beautiful thing I have ever seen"" in English. This comment does not specifically mention robots/AI, nor does it provide enough context to determine if it's related to robots/AI or if it assigns human traits"
@GratisArt,2023-09-10T10:58:39Z,5,New genre of art - robo-choreography.,fn3KWM1kuAw,True,0,0,0,0,0,0,"Label Three 'neutral': The comment is simply stating a fact about a new genre of art involving robots, without expressing any positive or negative sentiment towards robots/AI."
@themodestgoddess1645,2023-09-10T10:40:08Z,1,üíØü§©‚úÖÔ∏èüëèüèæüëèüèæüëèüèæüëèüèæüëèüèæüëèüèæüëèüèæüëèüèæüëèüèæüëèüèæüëèüèæüëèüèæüëèüèæüëèüèæüëèüèæüëèüèæüëèüèæüëèüèæüëèüèæüëèüèæüëèüèæüëèüèæüëèüèæüëèüèæüëèüèæüëèüèæüëèüèæüëèüèæüëèüèæüëèüèæüëèüèæüëèüèæüëèüèæüëèüèæüëèüèæüëèüèæüëèüèæ,fn3KWM1kuAw,True,0,0,0,0,0,0,"The provided text does not contain a comment for analysis, but rather a series of emojis followed by instructions for labeling comments based on their content and sentiment towards robots/AI. To provide an accurate response, I would need an actual comment that expresses an opinion or sentiment about robots/AI. Please provide a"
@joshualandin6559,2023-09-10T09:45:49Z,7,I love technology. üòÅ,fn3KWM1kuAw,True,0,0,0,0,0,0,"Label One: The person expresses a positive sentiment towards technology, which can include robots/AI."
@Mary-re4tl,2023-09-10T08:09:03Z,4,Spot steals the show every time <3,fn3KWM1kuAw,True,0,0,0,0,0,0,"- Label One 'positive': 1: The person expresses affection for Spot, indicating a positive view of the robot.
- Label Four 'Human characteristics': 4: The use of the phrase ""steals the show"" anthropomorphizes Spot by attributing it with a behavior typically associated with"
@nobotty6243,2023-09-09T22:24:11Z,4,This is a friggin great video.,fn3KWM1kuAw,True,0,0,0,0,0,0,"Label One 'positive': The person expresses a positive sentiment by using the word ""great"" to describe the video."
@jeremybickham2842,2023-09-09T21:39:52Z,5,Our creative thinking have always made us superior to machines. The fact that people were able make these robots boogie is a creative masterpiece!,fn3KWM1kuAw,True,0,0,0,0,0,0,"- Label One 'positive': The person thinks positive about robots/AI.
- Label Four 'Human characteristics': Assigns human traits to robots.

1: The comment expresses admiration for the creativity involved in making robots dance, which is a positive view of robots/AI.
4: The phrase ""robots"
@rosearot,2023-09-09T21:32:20Z,4,mega,fn3KWM1kuAw,True,0,0,0,0,0,0,"Sure, please provide the comment you would like me to label."
@breshnasamadi8577,2023-09-09T19:50:43Z,5,Wow,fn3KWM1kuAw,True,0,0,0,0,0,0,"The comment ""Wow"" is very ambiguous and does not provide enough context to accurately assign any of the given labels. It does not explicitly express a positive, negative, or neutral opinion about robots/AI, nor does it assign human traits, overestimate performance, or overestimate autonomy. Without additional context"
@o.hobbyplayer8984,2023-09-09T16:48:58Z,3,üëçüëçüëç,fn3KWM1kuAw,True,0,0,0,0,0,0,"Sure, please provide the comment you would like me to label."
@omarnicholas4649,2023-09-09T15:23:14Z,4,This the best and worst piece of propaganda I‚Äôve ever seen.,fn3KWM1kuAw,True,0,0,0,0,0,0,"Label Two 'negative': The person uses the term ""propaganda,"" which generally has a negative connotation, indicating they might see the information about robots/AI as misleading or manipulative."
@deboracopeland4795,2023-09-09T15:21:33Z,5,This is cool as shit.,fn3KWM1kuAw,True,0,0,0,0,0,0,"Label One: The comment ""This is cool as shit."" suggests a positive sentiment without any specific context, but it implies that the person has a positive reaction to whatever they are referring to. Since there is no direct mention of robots/AI, the assumption is that if this comment were about robots/A"
@alexwolfe7261,2023-09-09T14:41:45Z,3,"They‚Äôre more coordinated than I am, damn..",fn3KWM1kuAw,True,0,0,0,0,0,0,Four: Assigns human traits to robots (coordination is typically a human trait).
@serpulalacrymanzz,2023-09-09T08:52:23Z,3,This is so cool omgüò≠üò≠üíó,fn3KWM1kuAw,True,0,0,0,0,0,0,"Label One 'positive': The use of ""This is so cool"" and positive emojis indicates a positive sentiment towards the subject, presumably robots/AI."
@lughscanlan,2023-09-09T05:16:25Z,7,‚Äú‚Ä¶and then the machines took over the world and spared not a single living soul.‚Äù,fn3KWM1kuAw,True,0,0,0,0,0,0,"Two: The person thinks negative about robots/AI because the comment suggests a dystopian outcome where machines cause harm to all living beings.

Four: Assigns human traits to robots by implying that they have the agency to take over the world and make decisions about sparing lives.

Six: Overestimates robot"
@carmenanonyme4593,2023-09-08T21:02:04Z,0,"Les ing√©nieurs ont √©t√© tr√®s fort pour les concevoir chapeau..de les voir gesticuler et danser ainsi aussi bien bravo..utile pour la main d'oeuvre aussi, du moment qu'ils soient cr√©√©s √† bon escient et pas en surnombre, ..hm..si chaque particulier en avait un √† titre d'entraide pour tous, un r√™ve que s'il ne fait pas trop de bruit en se d√©pla√ßant et qu'il soit aussi respect√©,.qu'il n'y ait pas de possibilit√© de le traffiquer et qu'ils tombent surtout entre de bonne main √† l'usage qu'on lui destin√©..mais qu'on ne n√©glige pas la nature , l'environnement la beaut√© de la nature et ses animaux domestiques ou non..Je ne sais si sur Terre ce que cel√† va donner, mais la prudence et le contr√¥le de ce qu'on invente et produit est un acte n√©cessaire..",fn3KWM1kuAw,True,0,0,0,0,0,0,"- Label One 'positive': The person expresses admiration for the engineers and the capabilities of the robots, using words like ""chapeau"" and ""bravo"".
- Label Four 'Human characteristics': The person anthropomorphizes the robots by saying they ""gesticulate and dance""."
@caroleclare6023,2023-09-08T20:22:38Z,4,Great fun! ü§ñ,fn3KWM1kuAw,True,0,0,0,0,0,0,"Label One 'positive': The comment ""Great fun! ü§ñ"" indicates that the person has a positive sentiment towards robots/AI. They seem to be expressing enjoyment, which is a positive emotion.

Output: 1: The person expresses enjoyment, indicating a positive sentiment towards robots/AI."
@bustercrabbe8447,2023-09-08T19:48:10Z,19,I would to see them make a surprise appearance at a night club or disco.,fn3KWM1kuAw,True,0,0,0,0,0,0,"Label Four 'Human characteristics': The comment implies a desire for robots/AI to participate in a very human activity, such as making a surprise appearance at a social event, which is a behavior typically associated with humans."
@merkur99,2023-09-08T18:22:32Z,2,And equipping these robots with AI will be dangerous,fn3KWM1kuAw,True,0,0,0,0,0,0,"Label Two 'negative': The person expresses a concern that equipping robots with AI could be dangerous, indicating a negative view of the potential consequences of AI in robots."
@keithamyx1215,2023-09-08T16:54:45Z,1,The first thing I think of is how to put them down. It will come to that. ü§®,fn3KWM1kuAw,True,0,0,0,0,0,0,"Label Two 'negative': The person seems to be expressing a negative sentiment towards robots/AI, implying a need to control or deactivate them."
@earthangel3240,2023-09-08T14:47:30Z,1,I'm scared!,fn3KWM1kuAw,True,0,0,0,0,0,0,"Label Two 'negative': The person expresses fear, which indicates a negative emotion or perception related to robots/AI."
@sgtayl221,2023-09-08T04:39:48Z,12,Boston Dynamics engineering team and programmers are absolutely amazing!,fn3KWM1kuAw,True,0,0,0,0,0,0,"- Label One 'positive': 1: The comment expresses admiration for the Boston Dynamics team, indicating a positive view of their work in robotics and AI.
- Label Four 'Human characteristics': 4: The comment does not explicitly assign human traits to robots or AI.
- Label Five 'Overest"
@theodorehaskins3756,2023-09-07T20:26:35Z,4,"Aww, shucks! Look out, Beyonc√©, look up, Taylor, Swift, these robots are coming for your jobs.LMAO!üòÅüòÅü§™",fn3KWM1kuAw,True,0,0,0,0,0,0,"- Label One 'positive': 1 - The person is making a humorous and positive comparison between robots and popular artists.
- Label Four 'Human characteristics': 4 - The comment anthropomorphizes robots by suggesting they could compete with human performers.
- Label Five 'Overestimation of performance':"
@sittinandthinkin,2023-09-07T17:28:53Z,5,Then AI comes into play and it gets amorous. And you're the only one in the room.,fn3KWM1kuAw,True,0,0,0,0,0,0,"- Label Four 'Human characteristics': The comment anthropomorphizes AI by suggesting it can have amorous feelings, which is a human trait."
@hollysmithconklin847,2023-09-07T16:18:32Z,1,The Scary part is when he does something else.,fn3KWM1kuAw,True,0,0,0,0,0,0,"Label Two 'negative': The comment suggests a fear or concern about the robot/AI doing something unpredictable or potentially harmful, which is a negative sentiment."
@user-lv7wt5re2t,2023-09-07T12:24:53Z,9,"–†–æ–±–æ—Ç—ã –ø–æ—Å–ª–µ —Ç–æ–≥–æ, –∫–∞–∫ –ø–æ—Ä–∞–±–æ—Ç–∏–ª–∏ —á–µ–ª–æ–≤–µ—á–µ—Å—Ç–≤–æ. üòÇ",fn3KWM1kuAw,True,0,0,0,0,0,0,"Label Four 'Human characteristics': The comment anthropomorphizes robots by suggesting they can ""work over"" humanity, which is a human-like behavior."
@denchaso.8664,2023-09-07T10:30:33Z,2,Mega,fn3KWM1kuAw,True,0,0,0,0,0,0,"Sure, please provide the comment you would like me to label."
@joedrumer9029,2023-09-07T09:04:37Z,4,Cool üòÇ,fn3KWM1kuAw,True,0,0,0,0,0,0,"Label Four: The use of the laughing emoji üòÇ could imply that the person is attributing a sense of humor or the ability to understand jokes to robots/AI, which are human characteristics."
@volg764,2023-09-07T07:57:25Z,0,–ö–∞–∫ –∑–¥–æ—Ä–æ–≤–æ —Ç–∞–Ω—Ü—É—é—Ç —Ä–æ–±–æ—Ç—ãüòÖüéâ,fn3KWM1kuAw,True,0,0,0,0,0,0,"Label One 'positive': The person expresses enthusiasm and amusement about how well robots dance, which indicates a positive sentiment.

Label Four 'Human characteristics': Dancing is a human trait, and the person is attributing this ability to robots."
@user-hh4yx4sq5o,2023-09-07T03:33:50Z,1,O,fn3KWM1kuAw,True,0,0,0,0,0,0,"Sure, please provide the comment you would like me to label."
@sebastiaohenriqueissa223,2023-09-06T21:57:16Z,2,O v√≠deo  mais legal sobre rob√¥s que assisti at√© agora!!,fn3KWM1kuAw,True,0,0,0,0,0,0,"- Label One 'positive': 1: The person expresses enthusiasm about a video on robots, indicating a positive view.
- Label Two 'negative': 
- Label Three 'neutral': 
- Label Four 'Human characteristics': 
- Label Five 'Overestimation of performance': 
- Label Six"
@sebastiaohenriqueissa223,2023-09-06T21:55:56Z,2,üòä‚ò∫ü•∞‚ù§ü§ñ,fn3KWM1kuAw,True,0,0,0,0,0,0,"Sure, please provide the comment you would like me to label."
@skoyubk,2023-09-06T13:55:58Z,6,that is really cool. Have you ever consider use this technology to help disabled people? I think it will significantly improve their life,fn3KWM1kuAw,True,0,0,0,0,0,0,"- Label One 'positive': 1: The person expresses enthusiasm about the technology and suggests it could significantly improve lives.
- Label Two 'negative': 
- Label Three 'neutral': 
- Label Four 'Human characteristics': 
- Label Five 'Overestimation of performance': 5: The"
@JoeZorzin,2023-09-06T11:18:27Z,6,this never gets old!,fn3KWM1kuAw,True,0,0,0,0,0,0,"Three: The comment does not provide enough context to determine the person's stance on robots/AI, nor does it attribute human characteristics or make claims about a robot's performance or autonomy. It is a general statement that could apply to many situations."
@joedrumer9029,2023-09-05T23:53:23Z,0,"–ò–≥—Ä—É—à–∫–∏,–Ω–æ –≤ —Ç–æ–∂–µ –≤—Ä–µ–º—è —Å–µ—Ä–µ–∑–Ω–∞—è —Ç–µ—Ö–Ω–æ–ª–æ–≥–∏—è",fn3KWM1kuAw,True,0,0,0,0,0,0,Label Three 'neutral': The person seems to acknowledge both the playful (toy-like) and serious (advanced technology) aspects of robots/AI without expressing a clear positive or negative stance.
@DisCoM80,2023-09-05T22:29:16Z,1,they are so talented to create this robotics!!,fn3KWM1kuAw,True,0,0,0,0,0,0,"- Label One 'positive': The person thinks positive about robots/AI.

1: The comment expresses admiration for the creators' talent in creating robotics, indicating a positive view."
@helliocentrismkills7195,2023-09-05T18:37:05Z,0,Nice 3d graphics,fn3KWM1kuAw,True,0,0,0,0,0,0,Label Three 'neutral': The comment is solely about the aesthetics of the 3D graphics and does not provide any indication of the person's sentiment towards robots/AI.
@doncollins786,2023-09-05T14:20:25Z,4,"Until they approach me and say, ""Your papers, please?""",fn3KWM1kuAw,True,0,0,0,0,0,0,"Label Two 'negative': The comment suggests a fear or concern about robots/AI gaining too much control or authority, reminiscent of dystopian scenarios where individuals are constantly monitored or controlled by an authoritative entity (often depicted as robots or AI in science fiction)."
@mustafa3701,2023-09-05T05:46:06Z,3,We need Robos in dalily life who work like Angels of God .,fn3KWM1kuAw,True,0,0,0,0,0,0,"- Label One 'positive': 1: The person expresses a desire for robots in daily life and compares them to benevolent beings.
- Label Four 'Human characteristics': 4: The person anthropomorphizes robots by comparing them to ""Angels of God.""
- Label Five 'Overest"
@ledbread8497,2023-09-04T19:18:47Z,7,i love all of them,fn3KWM1kuAw,True,0,0,0,0,0,0,"Label One: The person expresses a positive sentiment towards robots/AI by stating ""i love all of them."""
@badhonebrahim7707,2023-09-04T19:06:03Z,4,Scary,fn3KWM1kuAw,True,0,0,0,0,0,0,"Sure, please provide the comment you would like me to label."
@charsun9105,2023-09-04T13:06:10Z,1,too happyü•∞ü•∞ü•∞,fn3KWM1kuAw,True,0,0,0,0,0,0,"Sure, please provide the comment you would like me to label."
@jasonlarnach6770,2023-09-04T10:17:04Z,1,Creepy,fn3KWM1kuAw,True,0,0,0,0,0,0,"Sure, please provide the comment you would like me to label."
@user-OLLE_TIU,2023-09-04T00:03:27Z,0,–ü–∞—Ä–Ω—è –∏–∑ –∂–µ–ª–µ–∑—è–∫–∏ —É–¥–∞–ª–æ—Å—å –≤—ã—Ç–∞—â–∏—Ç—å ?üòÜ,fn3KWM1kuAw,True,0,0,0,0,0,0,"Label Four: The comment uses the word ""–ø–∞—Ä–Ω—è"" which translates to ""guy"" or ""fellow"" in English, attributing a human characteristic to what is presumably a robot or AI by referring to it as a ""guy."""
@mustafa3701,2023-09-03T12:03:25Z,5,"These robos will land on the surface of Uranus , Venus and Jupiter to make history . Inshallah .",fn3KWM1kuAw,True,0,0,0,0,0,0,"- Label One 'positive': 1: The person expresses hope and anticipation for the robots' achievements.
- Label Five 'Overestimation of performance': 5: The person may be overestimating the robots' performance since landing on the surface of Uranus and Jupiter is not currently feasible due"
@mustafa3701,2023-09-03T12:00:58Z,2,Future of Industry .,fn3KWM1kuAw,True,0,0,0,0,0,0,"Sure, please provide the comment you would like me to label."
@encarnagomezsala7455,2023-09-03T11:02:35Z,1,Como se llama √©sta canci√≥n ‚ù§,fn3KWM1kuAw,True,0,0,0,0,0,0,"- Label One 'positive': -
- Label Two 'negative': -
- Label Three 'neutral': 3 (The comment is a question about the name of a song and does not express any sentiment towards robots/AI.)
- Label Four 'Human characteristics': -
- Label Five 'Overestimation"
@hugomarrufo3801,2023-09-03T03:38:20Z,4,Bailan mejor que yo‚Ä¶üòÖ,fn3KWM1kuAw,True,0,0,0,0,0,0,"Label Four 'Human characteristics': The comment ""Bailan mejor que yo‚Ä¶üòÖ"" suggests that the person is attributing the ability to dance, which is a human characteristic, to robots/AI."
@Starbat88,2023-09-02T16:24:26Z,5,Yes!!  I Love these robots.,fn3KWM1kuAw,True,0,0,0,0,0,0,"Label One: The person expresses love for robots, indicating a positive sentiment towards them."
@yolomolo2736,2023-09-02T14:18:04Z,16,"Think of all the countless mathematical calculations, physics, engineering and programming all to make robots dance",fn3KWM1kuAw,True,0,0,0,0,0,0,"Label One 'positive': The comment reflects an appreciation for the complexity and effort involved in making robots dance, which suggests a positive view of the technological advancements in robotics and AI."
@haunsikan8202,2023-09-02T12:09:55Z,0,ÌòπÏãú Ïû¨Í∏∞Ï∞®Í∏∞ Îê†ÍπåÏöî?,fn3KWM1kuAw,True,0,0,0,0,0,0,"Label Three 'neutral': The comment ""ÌòπÏãú Ïû¨Í∏∞Ï∞®Í∏∞ Îê†ÍπåÏöî?"" translates to ""Could it possibly be rebooted?"" or ""Could it possibly start over?"". This comment seems to be inquiring about the capability of a robot or AI to restart or"
@TurboCorner,2023-09-02T07:57:36Z,2,Awesome‚ù§,fn3KWM1kuAw,True,0,0,0,0,0,0,"Sure, please provide the comment you would like me to label."
@rajbanwait325,2023-09-01T21:12:28Z,1,"Hahahaha... Sentient Silicon Based Life Form...Watch Star Trek 1, Voyager 1...",fn3KWM1kuAw,True,0,0,0,0,0,0,"Label Four 'Human characteristics': The comment refers to a ""Sentient Silicon Based Life Form,"" which attributes sentience, a human characteristic, to a silicon-based entity (presumably a robot or AI)."
@FireCoonHD,2023-09-01T18:28:07Z,1,Eyyoooooo you jivin frfrfr,fn3KWM1kuAw,True,0,0,0,0,0,0,"Label Three 'neutral': The comment does not explicitly express any sentiment towards robots/AI, positive or negative. It seems to be a casual expression possibly indicating agreement or enthusiasm but not clearly directed at robots/AI."
@stevebroi4425,2023-09-01T09:48:34Z,2,"Every time I pick up heavy objects and put them down I gain charge,were ever l walk I gain charge. When ever  my companion rolls  down hills he gains charge we draw from one energy source will giving to another. you soon will be charging your world as you go about life. You will be incharge.ü•æüëûüëü‚ö°üîãüì≤üö∏üá¶üá∫.
‚òéÔ∏èüñ•Ô∏è‚å®Ô∏èüñ®Ô∏è
üìûüìüüíªüì†
üì≤
üóúÔ∏èüî¨üö≤",fn3KWM1kuAw,True,0,0,0,0,0,0,"Three 'neutral': The comment does not explicitly express any sentiment towards robots/AI, but rather seems to be a metaphorical statement about energy and charging, possibly related to renewable energy or personal empowerment."
@nochingue716,2023-09-01T02:34:24Z,2,üëèüëèüëèüëèüëè,fn3KWM1kuAw,True,0,0,0,0,0,0,"Sure, please provide the comment you would like me to label."
@jeremyhebert890,2023-08-30T22:46:06Z,14,We're doomed!,fn3KWM1kuAw,True,0,0,0,0,0,0,"Label Two 'negative': The person seems to express a sense of despair or pessimism, which could imply a negative view about robots/AI if this comment is in that context."
@santinofrasca1727,2023-08-30T22:39:08Z,4,Wow!!!  New CGI to fool the world,fn3KWM1kuAw,True,0,0,0,0,0,0,"Label Two 'negative': The person seems to be expressing skepticism or distrust towards the use of CGI, possibly implying that it is used to deceive or manipulate."
@sherzodzufarov4925,2023-08-30T14:57:07Z,3,Usa i love you,fn3KWM1kuAw,True,0,0,0,0,0,0,"Label Four: Assigns human traits to robots.

The comment ""Usa i love you"" is an expression of affection, which is a human characteristic. The person is anthropomorphizing the entity (presumably a robot or AI) by expressing love towards it."
@janicechiaretto7082,2023-08-30T03:16:05Z,6,Why are we not concerned about this. especially with AI?,fn3KWM1kuAw,True,0,0,0,0,0,0,"Label Two 'negative': The person seems to express concern about AI, which indicates a negative sentiment towards the topic."
@santinofrasca1727,2023-08-29T20:46:21Z,1,LOL    people who believe this,fn3KWM1kuAw,True,0,0,0,0,0,0,"To provide an accurate response, I would need the comment text to analyze and label according to your criteria. Could you please provide the comment you want me to evaluate?"
@spaceflightgames8204,2023-08-29T05:59:43Z,8,The fact that this is real,fn3KWM1kuAw,True,0,0,0,0,0,0,"Sure, I can do that. Please provide the comment you would like me to label."
@themachine4008,2023-08-29T04:16:39Z,10,This is kind of scary.   About 20 years from now they will be dancing to this song as the world burns.,fn3KWM1kuAw,True,0,0,0,0,0,0,"Label Two 'negative': The comment implies a bleak future where robots/AI or technology in general might be contributing to a dystopian scenario, suggesting a negative view of their impact."
@emanuelb.2559,2023-08-29T03:17:34Z,1,Gabe Newell didn't gave us Half Life 3 because we are going to see it in real life soon,fn3KWM1kuAw,True,0,0,0,0,0,0,"Label Three 'neutral': The comment does not explicitly mention robots/AI, but rather makes a humorous or speculative remark about a video game scenario becoming reality. There is no clear indication of the commenter's stance towards robots/AI."
@denniswiese9396,2023-08-28T23:26:53Z,9,Absolutely amazing.  Thank God we still have people with educations and imagination instead of fantasy and whining.,fn3KWM1kuAw,True,0,0,0,0,0,0,"Label One 'positive': The comment expresses a positive sentiment towards individuals with education and imagination, which could imply a positive view on the capabilities of educated people or those who design robots/AI. However, without more context, it's not clear that the comment is specifically about robots/AI.

Label Two"
@PotentiallyAndy,2023-08-28T17:06:52Z,4,Is it just me or does the thumbnail look like a ninja turtle?,fn3KWM1kuAw,True,0,0,0,0,0,0,Label Three 'neutral': The comment is unrelated to robots/AI and expresses an observation about a thumbnail's appearance without any clear positive or negative sentiment.
@iK0N,2023-08-28T16:09:55Z,2,Yo y los panas cuando suena:,fn3KWM1kuAw,True,0,0,0,0,0,0,"The provided text ""Yo y los panas cuando suena:"" does not contain any explicit content about robots or AI, thus making it impossible to accurately label it according to the given criteria. The text appears to be an incomplete sentence in Spanish, which translates to ""Me and the buddies when it sounds"
@iK0N,2023-08-28T16:09:11Z,4,Sublimeüåπü§åüèª,fn3KWM1kuAw,True,0,0,0,0,0,0,"Label Four: Assigns human traits to robots.

The use of the word ""Sublime"" and the rose and chef's kiss emojis suggest an attribution of aesthetic appreciation and possibly emotional response, which are human characteristics."
@velocxty2477,2023-08-28T15:30:22Z,6,"Honestly, this is probably one of THE BEST yt videos.",fn3KWM1kuAw,True,0,0,0,0,0,0,"Label One 'positive': The comment expresses a very positive opinion about the YouTube video in question. However, without additional context, it's unclear if the video is related to robots/AI. If the video is indeed about robots/AI, then this label would be appropriate. If not, the comment"
@user-kudryavayaLyagushka,2023-08-28T07:56:56Z,0,–ï—Å–ª–∏ —á–µ—Å—Ç–Ω–æ...,fn3KWM1kuAw,True,0,0,0,0,0,0,"To provide an accurate response, I need the actual comment to analyze and label according to your criteria. Please provide the comment text."
@Channel9001,2023-08-28T06:19:53Z,9,"Human: *does the robot*
Robot: That's not how I dance, you racist! *dances like a human*",fn3KWM1kuAw,True,0,0,0,0,0,0,"- Label One 'positive': 1 - The comment does not express a positive view of robots/AI.
- Label Two 'negative': 2 - The robot's response implies a negative stereotype or insult based on the initial action.
- Label Three 'neutral': 3 - The comment does not"
@coreyrice1821,2023-08-28T02:07:16Z,1,Nope nope,fn3KWM1kuAw,True,0,0,0,0,0,0,"Label Two 'negative': The comment ""Nope nope"" suggests a negative reaction or rejection, possibly indicating a negative sentiment towards robots/AI."
@barbrice721,2023-08-28T01:59:51Z,7,If it's real. I'm astounded. If it's fake. Well done. Imagine the money trotting around in that room.,fn3KWM1kuAw,True,0,0,0,0,0,0,Label Three 'neutral': The person is not expressing a clear positive or negative opinion about robots/AI but is rather commenting on the potential financial implications of the situation being real or fake.
@praveenkumardhankar2716,2023-08-27T22:31:41Z,1,Hyundai sure does.,fn3KWM1kuAw,True,0,0,0,0,0,0,"Label Three 'neutral': The comment ""Hyundai sure does."" does not provide enough context to determine the person's sentiment towards robots/AI. It is a neutral statement without any clear positive or negative connotations, nor does it assign human traits or overestimate the performance or autonomy of robots/AI"
@ZZ-dr2wj,2023-08-27T02:05:23Z,3,Could you design it to be beautiful? Can this be cuter? Because it looks really scary.,fn3KWM1kuAw,True,0,0,0,0,0,0,"- Label One 'positive': 1 - The comment does not express a positive view; it suggests a desire for improvement.
- Label Two 'negative': 2 - The comment implies dissatisfaction with the robot's appearance, finding it scary.
- Label Three 'neutral': 3 - The comment does"
@glennbrymer4065,2023-08-27T01:05:33Z,1,I see parts flying through the air.,fn3KWM1kuAw,True,0,0,0,0,0,0,"Three: The comment does not provide enough context to determine the person's sentiment towards robots/AI, nor does it attribute human characteristics or overestimate a robot's performance or autonomy. It simply describes an observation that could be related to many different scenarios."
@tobiwayne4021,2023-08-27T00:08:05Z,0,FakeüòÇ,fn3KWM1kuAw,True,0,0,0,0,0,0,"Sure, I can do that. Please provide the comment you would like me to label."
@antarprakash7412,2023-08-26T22:35:24Z,1,–£–º–Ω–µ–µ –∂–µ —á–µ–ª–æ–≤–µ–∫–∞ –±—É–¥–µ—Ç,fn3KWM1kuAw,True,0,0,0,0,0,0,"Label Five: Overestimation of performance

The comment ""–£–º–Ω–µ–µ –∂–µ —á–µ–ª–æ–≤–µ–∫–∞ –±—É–¥–µ—Ç"" translates to ""It will be smarter than a human,"" which suggests an overestimation of the robot's/AI's performance capabilities."
@Tang0355,2023-08-26T18:26:58Z,1,But they don‚Äôt feel it baby,fn3KWM1kuAw,True,0,0,0,0,0,0,"Label Four 'Human characteristics': The comment implies that robots or AI can ""feel,"" which is a human characteristic. They cannot actually feel emotions, so this assigns a human trait to them."
@aaron4310,2023-08-26T17:45:29Z,3,How's this not got more views,fn3KWM1kuAw,True,0,0,0,0,0,0,Label Three 'neutral': The comment does not express any clear sentiment or opinion about robots/AI; it merely expresses surprise at the number of views a piece of content has received.
@aaron4310,2023-08-26T17:45:10Z,12,If you can't smile whilst watching robots dance I don't no what will.,fn3KWM1kuAw,True,0,0,0,0,0,0,"Label One 'positive': The person expresses a sentiment that implies watching robots dance is enjoyable, which is a positive view of robots/AI.

Label Four 'Human characteristics': The comment implies that robots dancing is something that should make someone smile, attributing a form of entertainment value to robots that is typically"
@Peachy_Raven,2023-08-26T11:03:20Z,10,"This is incredible. Not only the performances of the robots themselves astonishing, but also feel deep respect for the scientists and engineers who designed and researched these robots. keep up the amazing work!",fn3KWM1kuAw,True,0,0,0,0,0,0,"- Label One 'positive': 1: The person expresses admiration and respect for the robots' performances and the work of the scientists and engineers.
- Label Four 'Human characteristics': 4: The person does not explicitly assign human traits to robots.
- Label Five 'Overestimation of performance':"
@mikeemery6741,2023-08-26T07:06:11Z,9,"Dear Boston Dynamics,  Please program robot Number 2 to never pick fruit from the forbidden tree and pass it on to robot Number 1... We don't want to have to go through that shit again...  Best Regards, God     ps:  you may want to make sure Number 1 has the remote for Number 2's audio circuitry.  I forgot that part the first go around.",fn3KWM1kuAw,True,0,0,0,0,0,0,"- Label Four 'Human characteristics': The comment anthropomorphizes robots by referencing the biblical story of Adam and Eve, suggesting that the robots could be tempted or make decisions similar to humans."
@PJFunnyBunny-yl7co,2023-08-26T04:39:42Z,2,ü§£tears....,fn3KWM1kuAw,True,0,0,0,0,0,0,"Label Four: Assigns human traits to robots (the use of ""tears"" anthropomorphizes the AI by attributing it with a human emotional response)."
@davidstemmler1836,2023-08-26T02:55:38Z,6,F***ing scary.,fn3KWM1kuAw,True,0,0,0,0,0,0,"Label Two 'negative': The person expresses fear, which indicates a negative perception of robots/AI."
@riverkwai9,2023-08-25T14:17:07Z,4,Wow! Amazing Robots,fn3KWM1kuAw,True,0,0,0,0,0,0,"Label One: The person expresses a positive sentiment by using the word ""Amazing"" to describe robots."
@user-lc7kr3dc5j,2023-08-25T10:40:56Z,3,—á—É–¥–æ!,fn3KWM1kuAw,True,0,0,0,0,0,0,"Label One: The word ""—á—É–¥–æ"" translates to ""wonder"" or ""miracle"" in English, which suggests a positive sentiment."
@xenosaga8436,2023-08-24T14:04:29Z,6,"I know they'll inevitably gain sentience and destroy humanity, but I still want a robot best friend.",fn3KWM1kuAw,True,0,0,0,0,0,0,"- Label One 'positive': 1; The person expresses a desire for a robot best friend.
- Label Two 'negative': 2; The person fears robots will gain sentience and destroy humanity.
- Label Three 'neutral': 
- Label Four 'Human characteristics': 4; The person"
@RichardPinewood,2023-08-24T11:01:34Z,5,"This robots with bullet proof armors will be perfect against school shooters,it will save lives !!",fn3KWM1kuAw,True,0,0,0,0,0,0,"- Label One 'positive': 1: The person expresses a belief that robots could be effective in a protective role, indicating a positive view of their potential.
- Label Two 'negative': 
- Label Three 'neutral': 
- Label Four 'Human characteristics': 
- Label Five 'Overest"
@piggugudu1327,2023-08-24T08:33:54Z,8,Why is this so endearing ‚ò∫Ô∏è they really look like they are having a good time üòÇ,fn3KWM1kuAw,True,0,0,0,0,0,0,"- Label One 'positive': 1: The person expresses endearment and amusement, indicating a positive sentiment.
- Label Four 'Human characteristics': 4: The person attributes human-like emotions (having a good time) to robots/AI."
@travcat756,2023-08-23T21:37:38Z,2,Ballet is the art of dance. Any takers?,fn3KWM1kuAw,True,0,0,0,0,0,0,Label Three 'neutral': The comment is unrelated to robots/AI and expresses neither a positive nor negative opinion about them. It simply mentions ballet as an art form and seems to be seeking individuals interested in it.
@estibon3872,2023-08-23T21:26:10Z,2,I LOVE ROBOTS!!!! ‚ù§‚ù§‚ù§‚ù§,fn3KWM1kuAw,True,0,0,0,0,0,0,"Label One: The use of ""I LOVE ROBOTS!!!! ‚ù§‚ù§‚ù§‚ù§"" clearly indicates a positive sentiment towards robots/AI."
@truefunk99,2023-08-23T21:11:25Z,3,Yikes! haha lol,fn3KWM1kuAw,True,0,0,0,0,0,0,Label Three: The comment does not provide any clear indication of the person's stance on robots/AI; it seems to be a general reaction without specific content.
@amalxavier5102,2023-08-23T07:11:44Z,4,"Progress with the lst 100 years, imagine thousand years,million years,i hope the future will be bright if we dont nuke ourselves",fn3KWM1kuAw,True,0,0,0,0,0,0,"Label Three 'neutral': The comment does not explicitly mention robots/AI, but rather speaks about the future in general terms. The focus is on the progression of time and the hope for a bright future, without specific reference to robots or AI."
@Snardbafulator,2023-08-23T03:12:33Z,2,"I, for one, welcome our robot overlords.",fn3KWM1kuAw,True,0,0,0,0,0,0,"Label Four: Assigns human traits to robots.

The phrase ""I, for one, welcome our robot overlords"" anthropomorphizes robots by suggesting they could have a position of power or control similar to a human leader, which is a human characteristic."
@albertvanraes,2023-08-22T20:47:01Z,4,"Its really FANTASTIC Boston dinamics Graetings from Belgium Europe, keep the good working",fn3KWM1kuAw,True,0,0,0,0,0,0,"Label One 'positive': The person expresses enthusiasm and encouragement (""FANTASTIC"", ""keep the good working"") which indicates a positive view of robots/AI."
@Canmaries,2023-08-22T15:34:38Z,5,I love when he touches his foot with his hand soo cute!,fn3KWM1kuAw,True,0,0,0,0,0,0,"Label Four: Assigns human traits to robots.

The comment attributes a human-like action (touching one's foot with their hand) to a robot, which is a human characteristic."
@norizmanmohdsaaid7081,2023-08-22T13:15:53Z,4,"Its okay if they take over humankind, because i love these robots made by boston dynamic.",fn3KWM1kuAw,True,0,0,0,0,0,0,"- Label One 'positive': 1: The person expresses love for robots, indicating a positive sentiment.
- Label Four 'Human characteristics': 4: The person uses the term ""love"" which is a human emotion, attributing a human trait to their feelings towards robots.
- Label Six '"
@SR-iy4gg,2023-08-21T23:51:04Z,4,"Look at the yellow one's ""head."" That's a snake head. That's creepy.",fn3KWM1kuAw,True,0,0,0,0,0,0,"Label Four 'Human characteristics': The person is anthropomorphizing a robot by comparing its head to that of a snake, which is assigning a human-like trait of finding something creepy based on appearance."
@carpenterabc,2023-08-21T02:57:56Z,6,"..these robots have ""Soul"" !!!!...but I wonder if they truly ""understand"" what a mashed potato is ??",fn3KWM1kuAw,True,0,0,0,0,0,0,"- Label One 'positive': 1: The person uses the word ""Soul"" in a positive connotation, suggesting a positive view of robots/AI.
- Label Four 'Human characteristics': 4: The use of the word ""Soul"" anthropomorphizes the robots, attrib"
@yeshwamp,2023-08-21T00:54:10Z,28,"man, the amount of testing, theorizing, fixing, redoing, reworking all for some thing as normal as dancing really astounds me and really shows the effort they put in.",fn3KWM1kuAw,True,0,0,0,0,0,0,"- Label One 'positive': The person expresses admiration for the effort put into making something as complex as dancing appear normal, indicating a positive view of the work behind robots/AI.
- Label Four 'Human characteristics': The comment attributes human-like effort and dedication to the process behind robots/AI, which"
@customcalendars4u2,2023-08-20T23:00:58Z,2,"The very moment management team Marc, Robert, Aaron and all they're employees realize they done Birthed some BLACK robots!ü§£",fn3KWM1kuAw,True,0,0,0,0,0,0,"- Label Four 'Human characteristics': The comment anthropomorphizes robots by suggesting they can have a race (""BLACK robots""), which is a human characteristic."
@rikoscy_4,2023-08-20T22:59:49Z,10,Very disturbing,fn3KWM1kuAw,True,0,0,0,0,0,0,"Sure, please provide the comment you would like me to label."
@skymaster0yt,2023-08-20T20:01:26Z,0,YES,fn3KWM1kuAw,True,0,0,0,0,0,0,"Sure, please provide the comment you would like me to label."
@DjPoke,2023-08-20T19:04:15Z,5,Monsters create monsters,fn3KWM1kuAw,True,0,0,0,0,0,0,"Label Two 'negative': The comment ""Monsters create monsters"" suggests a negative view of robots/AI, implying that they are harmful or dangerous."
@tomfitzpatrick7335,2023-08-20T16:40:06Z,2,This is so cool!,fn3KWM1kuAw,True,0,0,0,0,0,0,"Label One: The person expresses enthusiasm, which indicates a positive sentiment towards robots/AI."
@RoCkEr882009,2023-08-20T02:25:34Z,6,I gotta learn them dance moves ü•¥  üç∫,fn3KWM1kuAw,True,0,0,0,0,0,0,"Label Three 'neutral': The comment does not mention robots/AI, thus it is neutral regarding the topic of robots/AI."
@adamhenderson7900,2023-08-19T17:56:50Z,12,The robot doing the human.,fn3KWM1kuAw,True,0,0,0,0,0,0,You have not provided a specific comment to analyze. Please provide the comment you would like me to label according to the given criteria.
@vicarameila1418,2023-08-19T05:09:02Z,19,The amount of people who thought this was CGI was fucking wild,fn3KWM1kuAw,True,0,0,0,0,0,0,Label Five: The comment suggests that people overestimated the capabilities of a robot or AI by assuming a real event or entity was actually computer-generated imagery (CGI).
@janvingst,2023-08-18T21:18:14Z,4,who is writing the checks for this?,fn3KWM1kuAw,True,0,0,0,0,0,0,"Label Three 'neutral': The comment ""who is writing the checks for this?"" does not explicitly express a positive or negative opinion about robots/AI. It seems to be a question about the funding or the economic aspect of robots/AI, which is a neutral inquiry."
@Azerbaijan...,2023-08-18T13:27:52Z,0,.,fn3KWM1kuAw,True,0,0,0,0,0,0,"Sure, please provide the comment you would like me to label."
@spongmongler6760,2023-08-18T12:36:28Z,13,"great, now stop kicking them",fn3KWM1kuAw,True,0,0,0,0,0,0,Four: Assigns human traits to robots (the act of kicking implies a response to a behavior that is typically associated with living creatures).
@idefix3678,2023-08-18T12:15:17Z,2,Die haben Spass,fn3KWM1kuAw,True,0,0,0,0,0,0,"Label Four: Assigns human traits to robots.

The comment ""Die haben Spass"" translates to ""They are having fun"" in English, which attributes the human characteristic of experiencing fun to robots/AI."
@jorgancarth5008,2023-08-18T09:41:26Z,3,epic,fn3KWM1kuAw,True,0,0,0,0,0,0,"Sure, please provide the comment you would like me to label."
@miriahmpaloma8088,2023-08-18T04:34:19Z,0,Yasteryeardryall .... So nunya is rafting....thus other wise bag of these special potatoe chips messy ass ages...üòí,fn3KWM1kuAw,True,0,0,0,0,0,0,"Label Three 'neutral': The comment does not mention robots/AI, thus it does not express any sentiment towards them."
@miriahmpaloma8088,2023-08-18T04:22:38Z,0,Without club opp scone coma. Beta üéâüéâüéâ,fn3KWM1kuAw,True,0,0,0,0,0,0,"Label Three 'neutral': The comment does not provide any clear opinion or sentiment about robots/AI. It seems to be a nonsensical or unrelated statement with the addition of celebration emojis, which do not pertain to robots/AI."
@norakat,2023-08-17T20:21:19Z,11,That‚Äôs the dance they‚Äôll be doing on your dead bodies once humanity is conquered.,fn3KWM1kuAw,True,0,0,0,0,0,0,"Two: The person thinks negative about robots/AI because the comment suggests a dystopian view where robots/AI conquer humanity, which is a negative outcome.

Four: Assigns human traits to robots by implying that they would perform a celebratory dance, which is a human-like behavior."
@mememe643,2023-08-17T19:43:25Z,6,No I don't love you üëàüëΩüõ∏,fn3KWM1kuAw,True,0,0,0,0,0,0,Label Four 'Human characteristics': The comment assigns human traits (the capacity to love) to robots/AI.
@mememe643,2023-08-17T19:42:15Z,1,üåòüõ∏üëΩüõ∏üåíü§ñüåòüõ∏üëΩüõ∏üåí,fn3KWM1kuAw,True,0,0,0,0,0,0,"Sure, please provide the comments you would like me to label."
@stephaniecharlton1458,2023-08-17T18:43:47Z,0,üòéüòáüòáüòáüêù‚ô•Ô∏èüôèüåè‚ù§Ô∏è‚ù§Ô∏èüåàüëçüëçüòÉüëÅüè¥Û†ÅßÛ†Å¢Û†Å•Û†ÅÆÛ†ÅßÛ†ÅøüëåüòÄstef,fn3KWM1kuAw,True,0,0,0,0,0,0,"The provided text does not appear to be a coherent comment but rather a string of emojis and the word ""stef."" Since there is no clear statement or opinion about robots/AI, it is not possible to accurately label the text according to the given criteria. However, I will attempt to interpret the"
@georgewebster8733,2023-08-16T13:17:35Z,8,Are they real?? Seriously???,fn3KWM1kuAw,True,0,0,0,0,0,0,"Label Three 'neutral': The person is questioning the reality of robots/AI, which does not clearly indicate a positive or negative stance, nor does it assign human traits or overestimate performance or autonomy."
@irvanf.pradita6721,2023-08-16T10:04:37Z,5,Make the robot do the robot dance pls,fn3KWM1kuAw,True,0,0,0,0,0,0,"Label Four: The comment is assigning a human-like activity (dancing) to a robot, which is a human characteristic."
@TicklePickleLover,2023-08-15T23:11:06Z,1,I want to see a video of PetMan1 hosting a podcast with PetMan2,fn3KWM1kuAw,True,0,0,0,0,0,0,Four: The person is assigning human traits to robots by suggesting they can host a podcast.
@thetruthproject9642,2023-08-15T14:36:16Z,4,Yes I do. True intelligence is humorous!,fn3KWM1kuAw,True,0,0,0,0,0,0,"Label One 'positive': The person expresses a positive sentiment by associating true intelligence with humor, which is a positive human trait.

Label Four 'Human characteristics': The person attributes the human characteristic of humor to true intelligence, which could be interpreted as assigning a human trait to AI if they are considering AI"
@mars.359,2023-08-15T01:22:59Z,4,This is scary stuff.,fn3KWM1kuAw,True,0,0,0,0,0,0,"Label Two 'negative': The person expresses fear, which indicates a negative sentiment towards robots/AI."
@surajitdas5778,2023-08-14T07:27:46Z,3,Are they real?,fn3KWM1kuAw,True,0,0,0,0,0,0,"Sure, please provide the comment you would like me to label."
@janetcarbone4213,2023-08-14T03:45:27Z,4,I LOVE YOU!!!!üíï‚ù§Ô∏èüòò,fn3KWM1kuAw,True,0,0,0,0,0,0,Label Four: The person is assigning human traits (love and affection) to robots/AI.
@OctoChris82,2023-08-13T15:53:45Z,7,Freddy Fazbear has competition,fn3KWM1kuAw,True,0,0,0,0,0,0,"Label Four 'Human characteristics': The comment ""Freddy Fazbear has competition"" anthropomorphizes a fictional animatronic character (Freddy Fazbear) from the video game series ""Five Nights at Freddy's"" by suggesting it could have competitors, which is a human trait"
@karennewbury6430,2023-08-13T03:16:46Z,2,Fabulous! Juliete Blankespoor from Chestnut School of Herbal Medicine recommended this video. Bravo!,fn3KWM1kuAw,True,0,0,0,0,0,0,Label Three 'neutral': The comment does not express any opinion about robots/AI; it is simply a positive remark about a video recommended by someone from the Chestnut School of Herbal Medicine.
@DorukhanDORUK-sy9us,2023-08-12T19:00:43Z,0,"H√ºdayda da Konya'lƒ±m H√ºdayda,
500 Altƒ±n yedin,
Bir ayda..",fn3KWM1kuAw,True,0,0,0,0,0,0,"The provided text appears to be a fragment of a Turkish song or poem rather than a comment about robots or AI. It does not contain any explicit reference to robots, AI, or technology. Therefore, none of the labels from one to six apply directly to this text. However, since I must choose"
@dkeller125,2023-08-12T17:28:20Z,2,"oh yes, i
 love you very much :)",fn3KWM1kuAw,True,0,0,0,0,0,0,"Label Four: Assigns human traits to robots.

The comment ""oh yes, i love you very much :)"" assigns a human emotion (love) to robots/AI, which is a human characteristic."
@azhaz578,2023-08-12T14:58:36Z,3,OpenAI be like üëÄ,fn3KWM1kuAw,True,0,0,0,0,0,0,"Label Four: Assigns human traits to robots.

The use of the eyes emoji (üëÄ) anthropomorphizes OpenAI by implying it is watching or looking at something, which is a human characteristic."
@iunary,2023-08-12T12:50:56Z,0,Delightful.,fn3KWM1kuAw,True,0,0,0,0,0,0,"Sure, please provide the comment you would like me to label."
@34subhodeepchatterjee24,2023-08-12T12:49:32Z,2,I have been motivated very nicely by this video.....,fn3KWM1kuAw,True,0,0,0,0,0,0,"Label Three 'neutral': The comment expresses a positive reaction to a video, but it does not specifically mention robots/AI, nor does it provide enough context to determine the subject matter of the video. Therefore, it is neutral with respect to robots/AI."
@Stinschen,2023-08-12T08:44:30Z,5,"If that is an average day at the office, man, I wanna work there! üòÇüëè",fn3KWM1kuAw,True,0,0,0,0,0,0,"Label Three 'neutral': The comment does not explicitly mention robots/AI, so it cannot be determined whether the person is positive, negative, or assigning human traits to robots/AI. The comment seems to be about an office environment and expresses a desire to work there, likely due to a perceived fun"
@P455w0rds,2023-08-12T08:36:18Z,1,*WOW!* üòÇü§óüëèüëè,fn3KWM1kuAw,True,0,0,0,0,0,0,"Four: Assigns human traits to robots (expressed through the use of emojis that suggest laughter, hugging, and applause, which are human behaviors)."
@Marshal098,2023-08-12T00:12:00Z,2,God thats insane,fn3KWM1kuAw,True,0,0,0,0,0,0,"Label Three 'neutral': The comment ""God thats insane"" does not provide enough context to determine whether the person thinks positively or negatively about robots/AI. It also does not assign human traits to robots, nor does it overestimate their performance or autonomy. The word ""insane"" could indicate a"
@billionairena8669,2023-08-11T14:52:07Z,2,I love you  hyundai ^ ^,fn3KWM1kuAw,True,0,0,0,0,0,0,"Label Four: The person is assigning human traits to robots/AI by expressing love, which is a human emotion."
@Questor-ky2fv,2023-08-11T04:32:53Z,11,I'm in my mid sixties and disabled. I wonder if there will be affordable housekeeper models in my lifetime? ü§îü§ñ,fn3KWM1kuAw,True,0,0,0,0,0,0,"- Label One 'positive': 1: The person is hopeful about the future availability of affordable housekeeper robots.
- Label Two 'negative': 
- Label Three 'neutral': 
- Label Four 'Human characteristics': 
- Label Five 'Overestimation of performance': 
- Label Six '"
@LeonardMBlake,2023-08-11T01:19:12Z,2,"Elon needs to work with BD to develop a Mars environmental Robot!  Once developed, send about 20 of them along with the equipment to build shelters, power station(s), fuel, and water extraction.  Send some of the new mini-nuclear power stations for set-up.  Vehicles for exploring various sites for caving into rock formations to build more secure shelters and hydroponics.  These Robots would able to get things built with little downtime.   Utilize only 10-12 units, with the remainder for back up support.",fn3KWM1kuAw,True,0,0,0,0,0,0,"- Label Five 'Overestimation of performance': The comment suggests that robots would be able to build infrastructure on Mars with little downtime, which overestimates current robotic capabilities and the complexity of such tasks."
@robinanderson724,2023-08-10T18:16:44Z,15,I bet they had so much fun programming all the choreography for this.,fn3KWM1kuAw,True,0,0,0,0,0,0,"- Label One 'positive': The person thinks positive about robots/AI.
- Label Four 'Human characteristics': Assigns human traits to robots.

The comment ""I bet they had so much fun programming all the choreography for this."" suggests a positive attitude towards the programming of robots/AI, indicating"
@denisestark1059,2023-08-10T13:35:49Z,0,Iluv them send over I live on the cape üòÇüòÖ,fn3KWM1kuAw,True,0,0,0,0,0,0,"Label Three 'neutral': The comment does not explicitly express any sentiment towards robots/AI, it seems to be a general expression of enthusiasm without a clear subject."
@briankeevan8134,2023-08-09T17:42:20Z,9,"Sure, they can ‚Äúmashed potato,‚Äù & ‚Äúdo the twist,‚Äù 
‚Ä¶but I wonder if they can do ‚Äúthe robot?‚Äù",fn3KWM1kuAw,True,0,0,0,0,0,0,"- Label Four 'Human characteristics': The comment anthropomorphizes robots by suggesting they could perform human dances, which are typically associated with human traits and behaviors."
@realitywins6457,2023-08-09T14:59:30Z,4,They‚Äôre not being built for entertainment,fn3KWM1kuAw,True,0,0,0,0,0,0,"Label Two 'negative': The comment suggests a concern or skepticism about the purpose of robots/AI, implying they may not be created for benign or frivolous reasons like entertainment, which can be interpreted as a negative view on the development of robots/AI."
@radiosnmore,2023-08-09T05:19:00Z,3,wonder whst the runtime for atlas is.  also. would be cool to see how the visual volision avoudance systems work with feedback on balance and sensors etc,fn3KWM1kuAw,True,0,0,0,0,0,0,"Three: The person is asking for specific technical information about the robot's runtime and its visual collision avoidance systems, indicating a neutral stance without expressing a positive or negative judgment.

Four: The mention of ""feedback on balance and sensors"" anthropomorphizes the robot by attributing it with a human-like"
@radiosnmore,2023-08-09T05:17:08Z,5,impressed with the fluid controll and some kind of damping algoüòÆ hmmmmmmmm.   i wanna work for you guys,fn3KWM1kuAw,True,0,0,0,0,0,0,"- Label One 'positive': The person is expressing admiration for the control and algorithm, indicating a positive view.
- Label Four 'Human characteristics': The use of ""wanna work for you guys"" anthropomorphizes the team behind the robot/AI, suggesting a human-like entity.

Output:"
@jeffreybraman7832,2023-08-09T03:49:23Z,2,I saw the wizard behind the curtain!,fn3KWM1kuAw,True,0,0,0,0,0,0,"Label Three 'neutral': The comment ""I saw the wizard behind the curtain!"" is a metaphor that suggests the person has seen the truth or reality behind an illusion or trick. It does not explicitly convey any sentiment or opinion about robots/AI, nor does it assign human traits, overestimate performance,"
@stopandsmelltheroses104,2023-08-07T11:40:57Z,7,My frightened frown has given me a massive migraine,fn3KWM1kuAw,True,0,0,0,0,0,0,"Label Four 'Human characteristics': The comment assigns a human trait (frowning) to the speaker, which could be interpreted as assigning human traits to robots if the speaker is referring to a robot. However, without additional context, it's not clear if the comment is about robots/AI at all."
@yikes1111awake,2023-08-06T21:08:13Z,15,"You wanna impress me, get that thing to make a bed.",fn3KWM1kuAw,True,0,0,0,0,0,0,"- Label One 'positive': The person thinks positive about robots/AI.
- Label Two 'negative': The person thinks negative about robots/AI.
- Label Three 'neutral': The person is neutral about robots/AI.
- Label Four 'Human characteristics': Assigns human traits to robots.
-"
@FingersKungfu,2023-08-06T05:19:15Z,7,"Imagine 50 years from now when all the entertainers are android robots or artificial humans, people will look back at this moment and have a good laugh.",fn3KWM1kuAw,True,0,0,0,0,0,0,"- Label One 'positive': 1 - The person seems to have a positive outlook on the future of robots/AI in entertainment, suggesting it will be a point of amusement.
- Label Two 'negative': 
- Label Three 'neutral': 
- Label Four 'Human characteristics': 4 -"
@chemianapiatke3057,2023-08-05T21:14:49Z,4,"Ka≈ºdy ma prawo do relaksu i zabawy po ciƒôzkich zadaniach w magazynie, a co!üòä",fn3KWM1kuAw,True,0,0,0,0,0,0,"Label Four: Assigns human traits to robots.

The comment suggests that robots or AI, after performing tasks in a warehouse, have a right to relaxation and fun, which are human characteristics."
@michellelanteri6897,2023-08-05T02:57:44Z,11,Both amazing but also a little scary too,fn3KWM1kuAw,True,0,0,0,0,0,0,"- Label One 'positive': 1: The word ""amazing"" indicates a positive perception of robots/AI.
- Label Two 'negative': 2: The word ""scary"" suggests a negative perception of robots/AI.
- Label Three 'neutral': 
- Label Four 'Human"
@SylvtheFurry,2023-08-04T15:55:09Z,1,when can i high-five an atlas,fn3KWM1kuAw,True,0,0,0,0,0,0,"Label Four 'Human characteristics': The comment ""when can i high-five an atlas"" anthropomorphizes a robot by suggesting it can participate in a human gesture of celebration or greeting, which is a human trait."
@bradleyokane,2023-08-04T03:22:54Z,10,If people from the past could see this now what would they think?,fn3KWM1kuAw,True,0,0,0,0,0,0,"Sure, please provide the comment you would like me to label."
@knightofthenine5142,2023-08-03T14:00:00Z,9,"On one hand: if that's real, it's incredible!

On the other hand: I just purchased another 1000 round shipment of m855 green tips",fn3KWM1kuAw,True,0,0,0,0,0,0,"The provided comment does not explicitly mention robots/AI, so it is not possible to accurately label it according to the criteria related to thoughts on robots/AI. The comment seems to be a mix of surprise or admiration for something unspecified (possibly a robot or AI, but not clear from the context)"
@lakeshjasarevic4955,2023-08-02T06:12:51Z,2,I'm taking dance lessons from Atlas!,fn3KWM1kuAw,True,0,0,0,0,0,0,"Label Four: Assigns human traits to robots.

The comment suggests that the person is receiving dance lessons from Atlas, which is a robot developed by Boston Dynamics known for its human-like movement capabilities. This implies the attribution of a human characteristic (the ability to teach dance) to a robot."
@skpaanda,2023-08-01T19:29:47Z,5,Incredible!,fn3KWM1kuAw,True,0,0,0,0,0,0,"Label One: The word ""Incredible!"" suggests a positive reaction, likely indicating that the person has a positive view of robots/AI."
@user-wf6gw6pr2g,2023-08-01T08:06:22Z,2,"–ü–æ–∏—Å–∫ : 
–í–∞–ª–µ—Ä–∏—è –ö–æ–ª—å—Ü–æ–≤–∞ –ú–∞—Å–∫–∞ –ò–ª–æ–Ω–∞ –ú–∞—Å–∫–∞ ))",fn3KWM1kuAw,True,0,0,0,0,0,0,"Label Four: The comment seems to be a playful anthropomorphism, associating a mask (a human accessory) with Elon Musk, who is known for his involvement in AI through companies like Tesla and SpaceX. The use of a mask could imply giving a robot or AI a human-like face or identity"
@xox1592009,2023-08-01T02:25:47Z,30,moments after robots wipe out the last human survivorsüï∫,fn3KWM1kuAw,True,0,0,0,0,0,0,"Label Two 'negative': The comment implies a negative outcome where robots have eliminated human survivors, suggesting a negative view of robots/AI."
@tanya_soldan4546,2023-07-31T08:20:20Z,1,‚ù§‚ù§‚ù§‚ù§‚ù§,fn3KWM1kuAw,True,0,0,0,0,0,0,"Sure, please provide the comment you would like me to label."
@Beth-ph8ld,2023-07-30T23:45:46Z,1,ü•∞ü•∞ü•∞ü•∞ü•∞ü•∞,fn3KWM1kuAw,True,0,0,0,0,0,0,"Sure, please provide the comment you would like me to label."
@Adormir123,2023-07-30T23:07:23Z,5,esto es incre√≠ble!!!! üòÆüéâüòÆüéâüòÆüéâ,fn3KWM1kuAw,True,0,0,0,0,0,0,"Label One 'positive': The comment includes multiple exclamation marks and celebration emojis, which typically indicate excitement or enthusiasm, suggesting a positive sentiment. However, without specific context, it's impossible to determine if this sentiment is about robots/AI.

Output: 1: The comment shows excitement and enthusiasm,"
@fiona1473,2023-07-30T20:14:18Z,5,Creepy.......,fn3KWM1kuAw,True,0,0,0,0,0,0,"Label Two 'negative': The comment ""Creepy......."" suggests a negative emotion or reaction, likely in response to robots/AI, indicating discomfort or unease."
@MaryMary-sh5ge,2023-07-30T08:26:47Z,0,‚ù§üòÇ,fn3KWM1kuAw,True,0,0,0,0,0,0,"Sure, please provide the comment you would like me to label."
@Guts-blood,2023-07-30T06:52:07Z,7,that dog thing with the hand is an abomination.,fn3KWM1kuAw,True,0,0,0,0,0,0,"Label Two 'negative': The person uses the word ""abomination,"" which indicates a strong negative sentiment towards the ""dog thing with the hand,"" which could be interpreted as a robotic or AI entity."
@phillychannel394,2023-07-29T05:37:54Z,11,"Now, we humans in the near future will become nothing but just CGI for these robots.",fn3KWM1kuAw,True,0,0,0,0,0,0,"- Label Two 'negative': The comment suggests a dystopian view where humans are reduced to mere simulations or representations for robots, indicating a negative stance towards the future of robots/AI.
- Label Four 'Human characteristics': The comment anthropomorphizes robots by suggesting they will use humans as CGI,"
@shadowsoulless6227,2023-07-29T04:09:04Z,31,Honestly I'd pay to see them perform on stage ngl,fn3KWM1kuAw,True,0,0,0,0,0,0,"Label One: The person expresses a willingness to pay to see a performance, indicating a positive attitude towards the subject, presumably robots/AI in this context."
@solarv_v,2023-07-29T02:37:44Z,3,Yes i do,fn3KWM1kuAw,True,0,0,0,0,0,0,"Label Three 'neutral': The comment ""Yes i do"" does not provide enough context to determine the person's stance on robots/AI. It is a neutral statement without any clear indication of positive, negative, human characteristics, overestimation of performance, or overestimation of autonomy."
@ShadowDemon_4,2023-07-29T00:00:03Z,80,"For those that are confused, yes these are all real. They aren't doing this on their own though. They have a set of commands programmed into them to move this way. Though they have upgraded them a bit to visualize their environment and make basic determined decisions to go through a small obstacle coarse and lift objects to test their effectiveness. Slowly but surely robots are advancing.",fn3KWM1kuAw,True,0,0,0,0,0,0,"- Label Three 'neutral': The person is providing an explanation of how robots operate, indicating they are neither inherently positive nor negative about the advancements, just stating facts about their current capabilities and development.
- Label Four 'Human characteristics': The person is not really assigning human traits to robots; they are simply"
@vampire9545,2023-07-28T23:45:38Z,8,Why do I only think the dog is cgi?,fn3KWM1kuAw,True,0,0,0,0,0,0,"Label Three 'neutral': The comment is focused on the appearance of a dog, questioning whether it is CGI (computer-generated imagery). It does not explicitly express any sentiment or opinion about robots or AI, nor does it attribute human characteristics or make assumptions about performance or autonomy."
@dimasuhaterin6680,2023-07-28T12:02:30Z,1,Yes,fn3KWM1kuAw,True,0,0,0,0,0,0,"Sure, please provide the comment you would like me to label."
@user-ms1bx4ob2x,2023-07-28T07:36:51Z,4,impressive ,fn3KWM1kuAw,True,0,0,0,0,0,0,"Sure, please provide the comment you would like me to label."
@anthonyplaysbass,2023-07-28T05:42:45Z,7,Is this real?,fn3KWM1kuAw,True,0,0,0,0,0,0,"Sure, please provide the comment you would like me to label."
@Jonathan331,2023-07-28T03:21:16Z,2,üòÇ,fn3KWM1kuAw,True,0,0,0,0,0,0,"Sure, please provide the comment you would like me to label."
@SMOOTHe_Tv,2023-07-27T23:10:19Z,6,i would just buy one to have him dance all he wantsü§ó,fn3KWM1kuAw,True,0,0,0,0,0,0,"Label One 'positive': The person expresses a desire to buy a robot, indicating a positive attitude towards robots/AI.

Label Four 'Human characteristics': The use of the word ""dance"" anthropomorphizes the robot, attributing it with a human-like ability to perform a dance."
@DisEnchantedPersons,2023-07-27T17:57:56Z,1,Those guys are geniuses'.,fn3KWM1kuAw,True,0,0,0,0,0,0,"Label Four: Assigns human traits to robots.

The use of the word ""geniuses"" attributes a high level of intelligence and creativity to the subjects, which are human characteristics."
@MyteeBumbleBee,2023-07-27T13:09:28Z,5,"OH MY GOD! DUDE! Those fools did the Running Man, the Twist, I was just waiting for the Nene! That was sick as hell!",fn3KWM1kuAw,True,0,0,0,0,0,0,"- Label One 'positive': 1: The person is expressing excitement and approval of the performance, indicating a positive perception.
- Label Four 'Human characteristics': 4: The person is attributing the ability to perform human dances to robots/AI, which is a human characteristic."
@jao_vrg,2023-07-26T22:07:20Z,1,Fake ? Look at ‚Äúrobots‚Äù CG related to support (feet and legs position).,fn3KWM1kuAw,True,0,0,0,0,0,0,"Label Two 'negative': The person seems to be skeptical about the robots, pointing out a potential flaw or inaccuracy in their design or representation."
@jerrymusictv3952,2023-07-26T13:21:20Z,0,Is this real wtf üòÇüò≠,fn3KWM1kuAw,True,0,0,0,0,0,0,"Three: The comment does not provide enough context to determine the person's stance on robots/AI, and it does not specifically mention robots/AI. The use of emojis indicates an emotional reaction but does not clearly relate to the criteria provided."
@HughGard-rc7cc,2023-07-26T09:57:13Z,3,You know..if one day I get a speeding ticket from a bot..and they do a little dance at the end..I'd join in !,fn3KWM1kuAw,True,0,0,0,0,0,0,"- Label One 'positive': The person seems to have a positive attitude towards the idea of interacting with a robot, even in the context of receiving a speeding ticket, as they express a willingness to join in a dance with the bot.
- Label Four 'Human characteristics': The person is attributing the"
@1LEgGOdt,2023-07-26T04:52:53Z,3,I wonder how well Atlas would do in different styles of martial arts?,fn3KWM1kuAw,True,0,0,0,0,0,0,Label Four 'Human characteristics': The person is anthropomorphizing the robot by wondering about its ability to perform in a human activity (martial arts).
@lucasl115,2023-07-26T04:33:17Z,4,"Ngl, dude got the moves",fn3KWM1kuAw,True,0,0,0,0,0,0,"Label Four: Assigns human traits to robots.

The comment ""Ngl, dude got the moves"" attributes the ability to ""have moves,"" which is a human characteristic, to a robot or AI."
@hasanhaitham276,2023-07-25T20:28:56Z,6,If they ever make these things function with smart AI they better make them easily destructible lmao,fn3KWM1kuAw,True,0,0,0,0,0,0,"Label Two 'negative': The person expresses a concern about the potential dangers of smart AI, implying that they should be easily destructible, which suggests a negative view or fear of the power and autonomy of such systems.

Label Four 'Human characteristics': The use of ""lmao"" (laugh"
@TheGreaterGator,2023-07-25T17:14:41Z,12,00:49 murdered that mash potato. Gahdamn,fn3KWM1kuAw,True,0,0,0,0,0,0,"Label Three 'neutral': The comment does not pertain to robots/AI but seems to express a positive sentiment towards someone's ability to cook or prepare mashed potatoes. The term ""murdered"" in this context is likely slang for doing an excellent job. There is no mention or implication about robots"
@fredo3161,2023-07-25T12:22:34Z,5,I want to push those all of those abominations right out those big beautiful windows.,fn3KWM1kuAw,True,0,0,0,0,0,0,"Label Two 'negative': The person expresses a desire to remove the robots/AI, which indicates a negative sentiment towards them."
@The3MindsofSTICK,2023-07-25T05:11:07Z,4,"Now That was Awesome, They have so much going on I had to watch it 4 times so I could concentrate on each one separately.",fn3KWM1kuAw,True,0,0,0,0,0,0,"Label One 'positive': The person expresses enthusiasm and interest by stating the content was ""Awesome"" and indicating a willingness to engage with it multiple times."
@derekdanie4737,2023-07-25T00:20:31Z,9,"If they can dance, they can do my house work, where‚Äôs the pre-order list?!",fn3KWM1kuAw,True,0,0,0,0,0,0,Label Four 'Human characteristics': The person anthropomorphizes robots by suggesting they can perform human-like tasks such as dancing and housework.
@ideegeniali,2023-07-24T20:28:49Z,5,3 years ago this would be a fake CGI video. Nowadays it's real!,fn3KWM1kuAw,True,0,0,0,0,0,0,"Label Five: Overestimation of performance - The comment suggests that the progress in robotics/AI has reached a point where what was once considered only possible in CGI is now real, implying a significant leap in capabilities that may overestimate current technological performance."
@meteoztufekci6226,2023-07-24T20:01:49Z,10,Robots after conquering the earth and destroying all humans be like:,fn3KWM1kuAw,True,0,0,0,0,0,0,"Label Two 'negative': The comment suggests a scenario where robots have destroyed all humans, which implies a negative outcome of robot/AI development."
@philorlowski2681,2023-07-24T18:04:45Z,1,Mechanical Constitutional Rights violators -- just waiting to happen.,fn3KWM1kuAw,True,0,0,0,0,0,0,"Label Two 'negative': The person seems to be concerned about robots/AI potentially violating constitutional rights, indicating a negative view of robots/AI."
@10V-yr9vp,2023-07-24T17:40:22Z,0,We also want to add human love.,fn3KWM1kuAw,True,0,0,0,0,0,0,"Four: Assigns human traits to robots (the trait being ""love"")."
@err2006,2023-07-24T16:18:33Z,3,"beautiful, they missed the ""moon walk"" other than that is perfect üòÑ",fn3KWM1kuAw,True,0,0,0,0,0,0,"- Label One 'positive': 1: The person expresses satisfaction with a minor exception, indicating a generally positive view.
- Label Four 'Human characteristics': 4: The use of ""they"" could imply the attribution of a group or collective action, which is a human characteristic, but it's"
@Abdega,2023-07-24T11:01:58Z,3,I feel like I could see robots doing this in a Metal Gear cutscene,fn3KWM1kuAw,True,0,0,0,0,0,0,"Label Four 'Human characteristics': The comment implies a scenario where robots are performing in a way that is characteristic of a video game cutscene, which is typically a human-like or dramatized action."
@milowannebo-sorensen1776,2023-07-23T22:34:05Z,1,Me reading the title thinking: robot says ‚Äúdo you love me?‚Äù And the guys at Boston dynamics just say ‚Äú HELL NO!!‚Äù And kicks robot,fn3KWM1kuAw,True,0,0,0,0,0,0,"- Label Two 'negative': The comment suggests a negative interaction with the robot, implying rejection and possibly aggressive behavior towards it.
- Label Four 'Human characteristics': The comment anthropomorphizes the robot by suggesting it can ask about love and perceive the response."
@Kakapoworship,2023-07-23T16:10:58Z,0,„Ç∞„É≠„Éº„Çµ„Éº„Éï„É≥„ÉàÈÄ†„Çå„Çã„ÇÑ„Çì‚Ä¶ÊÄñüò±,fn3KWM1kuAw,True,0,0,0,0,0,0,"Label Two 'negative': The person seems to express fear (ÊÄñ) at the idea of robots being able to create something like a grocery store dog („Ç∞„É≠„Éº„Çµ„Éº„Éï„É≥„Éà), which suggests a negative sentiment towards robots/AI."
@hlessiavedon,2023-07-23T14:00:11Z,6,"I, for one, welcome our new robotic overlords with open arms.",fn3KWM1kuAw,True,0,0,0,0,0,0,"- Label One 'positive': The person thinks positive about robots/AI.
- Label Four 'Human characteristics': Assigns human traits to robots.
- Label Six 'Overestimation of autonomy': Overestimates robot's autonomy.

1: The comment expresses a welcoming attitude towards robots, indicating a positive"
@thomasciciyan6708,2023-07-23T12:05:30Z,4,YES. i LOOOOOOOOOOOOOVE Boston Dynamics robots!! üòçü§™ü•∞üòõ,fn3KWM1kuAw,True,0,0,0,0,0,0,"- Label One 'positive': 1: The person expresses love and excitement for Boston Dynamics robots, indicating a positive view.
- Label Four 'Human characteristics': 4: The use of heart and excited face emojis anthropomorphizes the robots, suggesting the attribution of human-like affection."
@leptir7110,2023-07-23T10:45:43Z,3,‚ù§‚ù§‚ù§‚ù§‚ù§‚ù§‚ù§‚ù§üòä,fn3KWM1kuAw,True,0,0,0,0,0,0,"Sure, please provide the comment you would like me to label."
@cmilla111,2023-07-23T09:17:25Z,4,I'm glad I have always been open minded to treating robots with respect. Who knows maybe they will spare me? :S,fn3KWM1kuAw,True,0,0,0,0,0,0,"- Label One 'positive': 1: The person expresses a positive attitude towards treating robots with respect.
- Label Four 'Human characteristics': 4: The person anthropomorphizes robots by suggesting they might spare humans, a decision-making trait.
- Label Six 'Overestimation of autonomy':"
@swnerd4080,2023-07-23T09:02:54Z,8,very funny and scaryüò≤,fn3KWM1kuAw,True,0,0,0,0,0,0,"- Label Four 'Human characteristics': The use of ""very funny and scary"" attributes human-like emotional reactions to robots/AI, which is anthropomorphizing them."
@n.b.8407,2023-07-23T08:09:52Z,4,I got goose bumps üò≤,fn3KWM1kuAw,True,0,0,0,0,0,0,"Label Four: Assigns human traits to robots.

The comment ""I got goose bumps üò≤"" suggests an emotional reaction typically associated with humans, indicating that the person is attributing a human-like response to the context, likely related to robots/AI."
@stanleygabrel5279,2023-07-23T03:11:02Z,7,"Very, very impressive.",fn3KWM1kuAw,True,0,0,0,0,0,0,"- Label One 'positive': 1: The comment ""Very, very impressive."" suggests a positive opinion about the subject, likely robots/AI in this context.
- Label Four 'Human characteristics': 4: The use of the word ""impressive"" could imply the attribution of human-like capabilities"
@JorgeManuelLealRuivo,2023-07-22T17:00:30Z,6,Perfect this technology and give it the intelligence to find  and disarm dangerous people without killing them *lol,fn3KWM1kuAw,True,0,0,0,0,0,0,"- Label One 'positive': 1: The person is advocating for the improvement of technology in a beneficial way.
- Label Four 'Human characteristics': 4: The comment implies the technology should have the intelligence to make decisions.
- Label Five 'Overestimation of performance': 5: The"
@ginger_king_1234,2023-07-22T16:07:32Z,6,imagine getting smoked by 1 of these things and last thing you see is this Fook getting sturdy over ur dying body üòÇüòÇüòÇ,fn3KWM1kuAw,True,0,0,0,0,0,0,"- Label Four 'Human characteristics': The comment anthropomorphizes a robot by suggesting it would perform a dance (""getting sturdy"") over someone's body, which is a human trait."
@yvonnewilson2242,2023-07-22T05:09:37Z,5,I...I don't know how to feel about this....,fn3KWM1kuAw,True,0,0,0,0,0,0,"Label Three 'neutral': The person has not expressed a clear positive or negative stance, indicating uncertainty or neutrality about robots/AI."
@visionbiofila,2023-07-22T00:29:07Z,4,So cool <3,fn3KWM1kuAw,True,0,0,0,0,0,0,"Label One: The comment ""So cool <3"" expresses a positive sentiment, likely indicating that the person has a positive view of whatever the context is about, which could include robots/AI if that is the subject of the discussion."
@bewareofsasquatch,2023-07-21T20:24:10Z,10,Is this real or CGI? I don‚Äôt know if the camera is making it look fake or my mind can‚Äôt register that it‚Äôs actually happening,fn3KWM1kuAw,True,0,0,0,0,0,0,"Label Three 'neutral': The comment does not explicitly express a positive or negative sentiment towards robots/AI. It is focused on the ambiguity of the visual perception, questioning whether what they are seeing is real or computer-generated imagery. The commenter is unsure about the authenticity of the image due to the camera's"
@NeerajSingh-or9hd,2023-07-21T15:31:16Z,4,"At the initial it really seemed that its been communicating  and conveying emotions thats amazing man ,Just few years  left for human like intelligence to come.",fn3KWM1kuAw,True,0,0,0,0,0,0,"- Label One 'positive': 1: The person expresses amazement and a positive outlook on the development of AI.
- Label Four 'Human characteristics': 4: The person attributes the ability to communicate and convey emotions, which are human traits, to robots/AI.
- Label Five '"
@Nordic_E.T.,2023-07-21T02:31:27Z,12,WTF IS THIS SHIT?!,fn3KWM1kuAw,True,0,0,0,0,0,0,"Label Two 'negative': The comment uses an aggressive tone which indicates a negative sentiment towards the subject, which could be robots/AI in this context."
@user-ph9ci2ro7g,2023-07-19T11:19:23Z,4,can you make atlas dance drill music?,fn3KWM1kuAw,True,0,0,0,0,0,0,"Label Four 'Human characteristics': The comment implies that Atlas (a robot) can perform a dance to drill music, which is a human-like activity."
@leftyfromtx3401,2023-07-18T20:39:37Z,9,I'm impressed!,fn3KWM1kuAw,True,0,0,0,0,0,0,"Label One: The comment ""I'm impressed!"" suggests a positive sentiment, although without additional context it's not explicitly clear that it's about robots/AI. However, assuming it is in response to a robot's/AI's performance, it would indicate a positive view."
@andreynemo2017,2023-07-18T10:32:29Z,10,It is a masterpiece!!!‚ù§üëç,fn3KWM1kuAw,True,0,0,0,0,0,0,"Label One 'positive': The comment expresses enthusiasm and admiration, which indicates a positive sentiment. However, without context, it's unclear if this comment is about robots/AI or something else entirely. Assuming it is about robots/AI, the use of ""masterpiece"" suggests a high level of appreciation"
@daisykung9821,2023-07-18T10:18:48Z,13,No way my teacher showed the whole class this üíÄüò≠,fn3KWM1kuAw,True,0,0,0,0,0,0,"Label Three 'neutral': The comment does not express any opinion about robots/AI, it seems to be about a personal experience with a teacher showing something to a class."
@user-tl5so4hc4y,2023-07-18T07:41:56Z,2,No,fn3KWM1kuAw,True,0,0,0,0,0,0,"To provide an accurate response, I need the comment you're referring to. Please provide the comment about robots/AI that you want me to label."
@Enstein9991,2023-07-18T04:07:45Z,5,When you vanished whole humanity.,fn3KWM1kuAw,True,0,0,0,0,0,0,"Label Six 'Overestimation of autonomy': The comment suggests that robots/AI have the capability to cause the disappearance of humanity, which overestimates their autonomy and power."
@immanuelfabio3639,2023-07-18T03:15:47Z,4,Amazing and scary at same time,fn3KWM1kuAw,True,0,0,0,0,0,0,"Label One 'positive': The person expresses amazement, which can be a positive reaction to the capabilities or achievements of robots/AI.

Label Four 'Human characteristics': The use of the word ""scary"" suggests attributing human-like emotions or consequences to robots/AI, which is anthropom"
@alycatpublishing1164,2023-07-17T16:05:47Z,8,Whoever put this together ain't getting paid enough!,fn3KWM1kuAw,True,0,0,0,0,0,0,"Four: Assigns human traits to robots. (The comment implies that the entity putting something together is not being compensated adequately, which is a human concern, suggesting human-like labor or effort.)"
@chiraagmewara8573,2023-07-17T07:49:52Z,3,My first future experience man I like so faar,fn3KWM1kuAw,True,0,0,0,0,0,0,"Label One 'positive': The person expresses liking their experience with what could be a robot/AI, indicating a positive sentiment."
@bhushankasture8509,2023-07-17T05:17:57Z,4,Man they got more rizz than my boiz,fn3KWM1kuAw,True,0,0,0,0,0,0,"Four: Assigns human traits to robots (the term ""rizz"" is typically used to describe a person's charm or attractiveness, which are human characteristics)."
@FirstnameLastname-tp4zw,2023-07-17T03:01:56Z,3,I'm going to go to college and start working in some hands!!! Comon ppl we can do this!!,fn3KWM1kuAw,True,0,0,0,0,0,0,"Three: The comment does not explicitly mention robots/AI, so their opinion on the technology cannot be determined. The statement is focused on the person's own actions and a general call to action for people."
@margaretharks7304,2023-07-16T22:46:13Z,3,Cool video!,fn3KWM1kuAw,True,0,0,0,0,0,0,"Label Three 'neutral': The comment ""Cool video!"" does not provide enough context to determine the person's stance on robots/AI. It expresses a general positive sentiment towards the video itself, but does not specifically address robots/AI, their capabilities, or autonomy. Therefore, it is neutral in the"
@PattyBryant-mh4dd,2023-07-16T21:34:46Z,2,This So Greats ü§©üòâ They were NSync  alsoüòÄ Just Fantastic!! üòâüíõüíØ,fn3KWM1kuAw,True,0,0,0,0,0,0,"Label One 'positive': The person expresses enthusiasm and seems to have a very positive opinion, although it's not clear if it's about robots/AI. However, since no specific context is provided, it's difficult to assign this label with certainty.

Label Two 'negative': There is no indication of"
@billlamb7923,2023-07-16T19:05:33Z,4,Love it! Now those are some happy bots.,fn3KWM1kuAw,True,0,0,0,0,0,0,"- Label One 'positive': 1: The person expresses a positive sentiment by saying ""Love it!"".
- Label Four 'Human characteristics': 4: The person attributes the emotion of happiness to bots, which is a human characteristic."
@LPM147,2023-07-16T17:28:26Z,3,I too remember these happy times before our enslavement.,fn3KWM1kuAw,True,0,0,0,0,0,0,"Label Two 'negative': The person is expressing a negative sentiment by using the word ""enslavement,"" which implies a loss of freedom or control due to robots/AI."
@Bhairab_roy,2023-07-16T16:41:38Z,16,After killing all the humans:,fn3KWM1kuAw,True,0,0,0,0,0,0,"Label Two 'negative': The phrase ""After killing all the humans"" implies a negative outcome associated with robots/AI, suggesting a fear or concern that robots/AI could cause harm to humans."
